-- phpMyAdmin SQL Dump
-- version 4.5.1
-- http://www.phpmyadmin.net
--
-- Host: 127.0.0.1
-- Generation Time: Sep 13, 2016 at 10:53 PM
-- Server version: 10.1.9-MariaDB
-- PHP Version: 5.6.15

SET SQL_MODE = "NO_AUTO_VALUE_ON_ZERO";
SET time_zone = "+00:00";


/*!40101 SET @OLD_CHARACTER_SET_CLIENT=@@CHARACTER_SET_CLIENT */;
/*!40101 SET @OLD_CHARACTER_SET_RESULTS=@@CHARACTER_SET_RESULTS */;
/*!40101 SET @OLD_COLLATION_CONNECTION=@@COLLATION_CONNECTION */;
/*!40101 SET NAMES utf8mb4 */;

--
-- Database: `supply_apparel`
--

-- --------------------------------------------------------

--
-- Table structure for table `blogs`
--

CREATE TABLE `blogs` (
  `id` int(10) UNSIGNED NOT NULL,
  `userid` int(11) NOT NULL,
  `title` varchar(255) COLLATE utf8_unicode_ci NOT NULL,
  `text` text COLLATE utf8_unicode_ci NOT NULL,
  `photo` varchar(255) COLLATE utf8_unicode_ci NOT NULL,
  `status` int(11) NOT NULL,
  `order` int(11) NOT NULL,
  `created_at` timestamp NULL DEFAULT NULL,
  `updated_at` timestamp NULL DEFAULT NULL
) ENGINE=InnoDB DEFAULT CHARSET=utf8 COLLATE=utf8_unicode_ci;

--
-- Dumping data for table `blogs`
--

INSERT INTO `blogs` (`id`, `userid`, `title`, `text`, `photo`, `status`, `order`, `created_at`, `updated_at`) VALUES
(1, 1, 'asdasd asdasd', '<p>ad asd asdasd</p>\r\n', 'uploads/b1ad1bd9dd95348195d84d719e6ae4ed.png', 0, 0, '2016-09-03 08:46:34', '2016-09-03 08:46:34');

-- --------------------------------------------------------

--
-- Table structure for table `boutique_types`
--

CREATE TABLE `boutique_types` (
  `id` int(10) UNSIGNED NOT NULL,
  `name` varchar(255) COLLATE utf8_unicode_ci NOT NULL,
  `created_at` timestamp NULL DEFAULT NULL,
  `updated_at` timestamp NULL DEFAULT NULL
) ENGINE=InnoDB DEFAULT CHARSET=utf8 COLLATE=utf8_unicode_ci;

--
-- Dumping data for table `boutique_types`
--

INSERT INTO `boutique_types` (`id`, `name`, `created_at`, `updated_at`) VALUES
(1, 'Own-label', NULL, NULL),
(2, 'Pre-owned', NULL, NULL),
(3, 'Multi-brand', NULL, NULL);

-- --------------------------------------------------------

--
-- Table structure for table `brands`
--

CREATE TABLE `brands` (
  `id` int(10) UNSIGNED NOT NULL,
  `name` varchar(255) COLLATE utf8_unicode_ci NOT NULL,
  `logo` varchar(255) COLLATE utf8_unicode_ci NOT NULL,
  `webiste` varchar(255) COLLATE utf8_unicode_ci NOT NULL,
  `user_id` int(10) UNSIGNED NOT NULL,
  `created_at` timestamp NULL DEFAULT NULL,
  `updated_at` timestamp NULL DEFAULT NULL
) ENGINE=InnoDB DEFAULT CHARSET=utf8 COLLATE=utf8_unicode_ci;

--
-- Dumping data for table `brands`
--

INSERT INTO `brands` (`id`, `name`, `logo`, `webiste`, `user_id`, `created_at`, `updated_at`) VALUES
(1, 'Nike', '', '', 1, '2016-09-03 11:48:47', '2016-09-03 11:48:47'),
(2, 'Adidas', '', '', 2, '2016-09-10 04:57:14', '2016-09-10 04:57:14'),
(3, 'Puma', '', '', 1, NULL, NULL),
(4, 'American Eagle', '', '', 1, NULL, NULL),
(5, 'Chanel', '', '', 1, NULL, NULL),
(6, 'Hello Kitty', '', '', 1, NULL, NULL),
(7, 'Gap', '', '', 1, NULL, NULL);

-- --------------------------------------------------------

--
-- Table structure for table `categories`
--

CREATE TABLE `categories` (
  `id` int(10) UNSIGNED NOT NULL,
  `parent_id` int(11) NOT NULL,
  `title` varchar(255) COLLATE utf8_unicode_ci NOT NULL,
  `row_order` int(11) NOT NULL,
  `status` tinyint(1) NOT NULL,
  `user_id` int(10) UNSIGNED NOT NULL,
  `deleted_at` timestamp NULL DEFAULT NULL,
  `created_at` timestamp NULL DEFAULT NULL,
  `updated_at` timestamp NULL DEFAULT NULL,
  `product_type_id` int(10) UNSIGNED NOT NULL
) ENGINE=InnoDB DEFAULT CHARSET=utf8 COLLATE=utf8_unicode_ci;

--
-- Dumping data for table `categories`
--

INSERT INTO `categories` (`id`, `parent_id`, `title`, `row_order`, `status`, `user_id`, `deleted_at`, `created_at`, `updated_at`, `product_type_id`) VALUES
(1, 0, 'Shoes', 0, 1, 1, NULL, '2016-09-03 11:48:47', '2016-09-03 11:48:47', 1),
(2, 0, 'T-Shirts', 0, 1, 2, NULL, '2016-09-10 04:57:14', '2016-09-10 04:57:14', 2),
(3, 0, 'Dresses', 0, 1, 1, NULL, NULL, NULL, 1),
(4, 4, 'Testing', 1, 0, 2, NULL, '2016-09-13 15:28:26', '2016-09-13 16:23:52', 1),
(5, 0, 'Coats & Jackets', 0, 1, 2, NULL, '2016-09-13 16:26:12', '2016-09-13 16:26:12', 2),
(6, 1, 'Jeans', 0, 1, 2, NULL, '2016-09-13 16:26:40', '2016-09-13 16:26:40', 2),
(7, 0, 'Jumpsuits', 0, 1, 2, NULL, '2016-09-13 16:35:34', '2016-09-13 16:35:34', 1),
(8, 0, 'Shirts & Blouses', 0, 1, 2, NULL, '2016-09-13 16:35:46', '2016-09-13 16:35:46', 2),
(9, 0, 'Trousers & Leggings', 0, 1, 2, NULL, '2016-09-13 16:36:25', '2016-09-13 16:36:25', 2),
(10, 0, 'Shorts & skirts', 0, 1, 2, NULL, '2016-09-13 16:47:34', '2016-09-13 16:47:34', 2),
(11, 0, 'Lingerie & Nightware', 0, 1, 2, NULL, '2016-09-13 16:48:53', '2016-09-13 16:48:53', 2);

-- --------------------------------------------------------

--
-- Table structure for table `colours`
--

CREATE TABLE `colours` (
  `id` int(10) UNSIGNED NOT NULL,
  `name` varchar(255) COLLATE utf8_unicode_ci NOT NULL,
  `hexa_code` varchar(255) COLLATE utf8_unicode_ci NOT NULL,
  `user_id` int(10) UNSIGNED NOT NULL,
  `created_at` timestamp NULL DEFAULT NULL,
  `updated_at` timestamp NULL DEFAULT NULL
) ENGINE=InnoDB DEFAULT CHARSET=utf8 COLLATE=utf8_unicode_ci;

--
-- Dumping data for table `colours`
--

INSERT INTO `colours` (`id`, `name`, `hexa_code`, `user_id`, `created_at`, `updated_at`) VALUES
(2, 'Red', 'red', 1, NULL, NULL),
(4, 'Gray', 'Gray', 1, NULL, NULL),
(6, 'Silver', 'silver', 2, NULL, NULL),
(7, 'Green', 'green', 2, '2016-09-13 12:14:41', '2016-09-13 12:24:22');

-- --------------------------------------------------------

--
-- Table structure for table `countries`
--

CREATE TABLE `countries` (
  `id` int(10) UNSIGNED NOT NULL,
  `capital` varchar(255) COLLATE utf8_unicode_ci DEFAULT NULL,
  `citizenship` varchar(255) COLLATE utf8_unicode_ci DEFAULT NULL,
  `country_code` char(3) COLLATE utf8_unicode_ci NOT NULL DEFAULT '',
  `currency` varchar(255) COLLATE utf8_unicode_ci DEFAULT NULL,
  `currency_code` varchar(255) COLLATE utf8_unicode_ci DEFAULT NULL,
  `currency_sub_unit` varchar(255) COLLATE utf8_unicode_ci DEFAULT NULL,
  `currency_symbol` varchar(3) COLLATE utf8_unicode_ci DEFAULT NULL,
  `full_name` varchar(255) COLLATE utf8_unicode_ci DEFAULT NULL,
  `iso_3166_2` char(2) COLLATE utf8_unicode_ci NOT NULL DEFAULT '',
  `iso_3166_3` char(3) COLLATE utf8_unicode_ci NOT NULL DEFAULT '',
  `name` varchar(255) COLLATE utf8_unicode_ci NOT NULL DEFAULT '',
  `region_code` char(3) COLLATE utf8_unicode_ci NOT NULL DEFAULT '',
  `sub_region_code` char(3) COLLATE utf8_unicode_ci NOT NULL DEFAULT '',
  `eea` tinyint(1) NOT NULL DEFAULT '0',
  `calling_code` varchar(3) COLLATE utf8_unicode_ci DEFAULT NULL,
  `flag` varchar(6) COLLATE utf8_unicode_ci DEFAULT NULL
) ENGINE=InnoDB DEFAULT CHARSET=utf8 COLLATE=utf8_unicode_ci;

--
-- Dumping data for table `countries`
--

INSERT INTO `countries` (`id`, `capital`, `citizenship`, `country_code`, `currency`, `currency_code`, `currency_sub_unit`, `currency_symbol`, `full_name`, `iso_3166_2`, `iso_3166_3`, `name`, `region_code`, `sub_region_code`, `eea`, `calling_code`, `flag`) VALUES
(4, 'Kabul', 'Afghan', '004', 'afghani', 'AFN', 'pul', '؋', 'Islamic Republic of Afghanistan', 'AF', 'AFG', 'Afghanistan', '142', '034', 0, '93', 'AF.png'),
(8, 'Tirana', 'Albanian', '008', 'lek', 'ALL', '(qindar (pl. qindarka))', 'Lek', 'Republic of Albania', 'AL', 'ALB', 'Albania', '150', '039', 0, '355', 'AL.png'),
(10, 'Antartica', 'of Antartica', '010', '', '', '', '', 'Antarctica', 'AQ', 'ATA', 'Antarctica', '', '', 0, '672', 'AQ.png'),
(12, 'Algiers', 'Algerian', '012', 'Algerian dinar', 'DZD', 'centime', 'DZD', 'People’s Democratic Republic of Algeria', 'DZ', 'DZA', 'Algeria', '002', '015', 0, '213', 'DZ.png'),
(16, 'Pago Pago', 'American Samoan', '016', 'US dollar', 'USD', 'cent', '$', 'Territory of American', 'AS', 'ASM', 'American Samoa', '009', '061', 0, '1', 'AS.png'),
(20, 'Andorra la Vella', 'Andorran', '020', 'euro', 'EUR', 'cent', '€', 'Principality of Andorra', 'AD', 'AND', 'Andorra', '150', '039', 0, '376', 'AD.png'),
(24, 'Luanda', 'Angolan', '024', 'kwanza', 'AOA', 'cêntimo', 'Kz', 'Republic of Angola', 'AO', 'AGO', 'Angola', '002', '017', 0, '244', 'AO.png'),
(28, 'St John’s', 'of Antigua and Barbuda', '028', 'East Caribbean dollar', 'XCD', 'cent', '$', 'Antigua and Barbuda', 'AG', 'ATG', 'Antigua and Barbuda', '019', '029', 0, '1', 'AG.png'),
(31, 'Baku', 'Azerbaijani', '031', 'Azerbaijani manat', 'AZN', 'kepik (inv.)', 'ман', 'Republic of Azerbaijan', 'AZ', 'AZE', 'Azerbaijan', '142', '145', 0, '994', 'AZ.png'),
(32, 'Buenos Aires', 'Argentinian', '032', 'Argentine peso', 'ARS', 'centavo', '$', 'Argentine Republic', 'AR', 'ARG', 'Argentina', '019', '005', 0, '54', 'AR.png'),
(36, 'Canberra', 'Australian', '036', 'Australian dollar', 'AUD', 'cent', '$', 'Commonwealth of Australia', 'AU', 'AUS', 'Australia', '009', '053', 0, '61', 'AU.png'),
(40, 'Vienna', 'Austrian', '040', 'euro', 'EUR', 'cent', '€', 'Republic of Austria', 'AT', 'AUT', 'Austria', '150', '155', 1, '43', 'AT.png'),
(44, 'Nassau', 'Bahamian', '044', 'Bahamian dollar', 'BSD', 'cent', '$', 'Commonwealth of the Bahamas', 'BS', 'BHS', 'Bahamas', '019', '029', 0, '1', 'BS.png'),
(48, 'Manama', 'Bahraini', '048', 'Bahraini dinar', 'BHD', 'fils (inv.)', 'BHD', 'Kingdom of Bahrain', 'BH', 'BHR', 'Bahrain', '142', '145', 0, '973', 'BH.png'),
(50, 'Dhaka', 'Bangladeshi', '050', 'taka (inv.)', 'BDT', 'poisha (inv.)', 'BDT', 'People’s Republic of Bangladesh', 'BD', 'BGD', 'Bangladesh', '142', '034', 0, '880', 'BD.png'),
(51, 'Yerevan', 'Armenian', '051', 'dram (inv.)', 'AMD', 'luma', 'AMD', 'Republic of Armenia', 'AM', 'ARM', 'Armenia', '142', '145', 0, '374', 'AM.png'),
(52, 'Bridgetown', 'Barbadian', '052', 'Barbados dollar', 'BBD', 'cent', '$', 'Barbados', 'BB', 'BRB', 'Barbados', '019', '029', 0, '1', 'BB.png'),
(56, 'Brussels', 'Belgian', '056', 'euro', 'EUR', 'cent', '€', 'Kingdom of Belgium', 'BE', 'BEL', 'Belgium', '150', '155', 1, '32', 'BE.png'),
(60, 'Hamilton', 'Bermudian', '060', 'Bermuda dollar', 'BMD', 'cent', '$', 'Bermuda', 'BM', 'BMU', 'Bermuda', '019', '021', 0, '1', 'BM.png'),
(64, 'Thimphu', 'Bhutanese', '064', 'ngultrum (inv.)', 'BTN', 'chhetrum (inv.)', 'BTN', 'Kingdom of Bhutan', 'BT', 'BTN', 'Bhutan', '142', '034', 0, '975', 'BT.png'),
(68, 'Sucre (BO1)', 'Bolivian', '068', 'boliviano', 'BOB', 'centavo', '$b', 'Plurinational State of Bolivia', 'BO', 'BOL', 'Bolivia, Plurinational State of', '019', '005', 0, '591', 'BO.png'),
(70, 'Sarajevo', 'of Bosnia and Herzegovina', '070', 'convertible mark', 'BAM', 'fening', 'KM', 'Bosnia and Herzegovina', 'BA', 'BIH', 'Bosnia and Herzegovina', '150', '039', 0, '387', 'BA.png'),
(72, 'Gaborone', 'Botswanan', '072', 'pula (inv.)', 'BWP', 'thebe (inv.)', 'P', 'Republic of Botswana', 'BW', 'BWA', 'Botswana', '002', '018', 0, '267', 'BW.png'),
(74, 'Bouvet island', 'of Bouvet island', '074', '', '', '', 'kr', 'Bouvet Island', 'BV', 'BVT', 'Bouvet Island', '', '', 0, '47', 'BV.png'),
(76, 'Brasilia', 'Brazilian', '076', 'real (pl. reais)', 'BRL', 'centavo', 'R$', 'Federative Republic of Brazil', 'BR', 'BRA', 'Brazil', '019', '005', 0, '55', 'BR.png'),
(84, 'Belmopan', 'Belizean', '084', 'Belize dollar', 'BZD', 'cent', 'BZ$', 'Belize', 'BZ', 'BLZ', 'Belize', '019', '013', 0, '501', 'BZ.png'),
(86, 'Diego Garcia', 'Changosian', '086', 'US dollar', 'USD', 'cent', '$', 'British Indian Ocean Territory', 'IO', 'IOT', 'British Indian Ocean Territory', '', '', 0, '246', 'IO.png'),
(90, 'Honiara', 'Solomon Islander', '090', 'Solomon Islands dollar', 'SBD', 'cent', '$', 'Solomon Islands', 'SB', 'SLB', 'Solomon Islands', '009', '054', 0, '677', 'SB.png'),
(92, 'Road Town', 'British Virgin Islander;', '092', 'US dollar', 'USD', 'cent', '$', 'British Virgin Islands', 'VG', 'VGB', 'Virgin Islands, British', '019', '029', 0, '1', 'VG.png'),
(96, 'Bandar Seri Begawan', 'Bruneian', '096', 'Brunei dollar', 'BND', 'sen (inv.)', '$', 'Brunei Darussalam', 'BN', 'BRN', 'Brunei Darussalam', '142', '035', 0, '673', 'BN.png'),
(100, 'Sofia', 'Bulgarian', '100', 'lev (pl. leva)', 'BGN', 'stotinka', 'лв', 'Republic of Bulgaria', 'BG', 'BGR', 'Bulgaria', '150', '151', 1, '359', 'BG.png'),
(104, 'Yangon', 'Burmese', '104', 'kyat', 'MMK', 'pya', 'K', 'Union of Myanmar/', 'MM', 'MMR', 'Myanmar', '142', '035', 0, '95', 'MM.png'),
(108, 'Bujumbura', 'Burundian', '108', 'Burundi franc', 'BIF', 'centime', 'BIF', 'Republic of Burundi', 'BI', 'BDI', 'Burundi', '002', '014', 0, '257', 'BI.png'),
(112, 'Minsk', 'Belarusian', '112', 'Belarusian rouble', 'BYR', 'kopek', 'p.', 'Republic of Belarus', 'BY', 'BLR', 'Belarus', '150', '151', 0, '375', 'BY.png'),
(116, 'Phnom Penh', 'Cambodian', '116', 'riel', 'KHR', 'sen (inv.)', '៛', 'Kingdom of Cambodia', 'KH', 'KHM', 'Cambodia', '142', '035', 0, '855', 'KH.png'),
(120, 'Yaoundé', 'Cameroonian', '120', 'CFA franc (BEAC)', 'XAF', 'centime', 'FCF', 'Republic of Cameroon', 'CM', 'CMR', 'Cameroon', '002', '017', 0, '237', 'CM.png'),
(124, 'Ottawa', 'Canadian', '124', 'Canadian dollar', 'CAD', 'cent', '$', 'Canada', 'CA', 'CAN', 'Canada', '019', '021', 0, '1', 'CA.png'),
(132, 'Praia', 'Cape Verdean', '132', 'Cape Verde escudo', 'CVE', 'centavo', 'CVE', 'Republic of Cape Verde', 'CV', 'CPV', 'Cape Verde', '002', '011', 0, '238', 'CV.png'),
(136, 'George Town', 'Caymanian', '136', 'Cayman Islands dollar', 'KYD', 'cent', '$', 'Cayman Islands', 'KY', 'CYM', 'Cayman Islands', '019', '029', 0, '1', 'KY.png'),
(140, 'Bangui', 'Central African', '140', 'CFA franc (BEAC)', 'XAF', 'centime', 'FCF', 'Central African Republic', 'CF', 'CAF', 'Central African Republic', '002', '017', 0, '236', 'CF.png'),
(144, 'Colombo', 'Sri Lankan', '144', 'Sri Lankan rupee', 'LKR', 'cent', '₨', 'Democratic Socialist Republic of Sri Lanka', 'LK', 'LKA', 'Sri Lanka', '142', '034', 0, '94', 'LK.png'),
(148, 'N’Djamena', 'Chadian', '148', 'CFA franc (BEAC)', 'XAF', 'centime', 'XAF', 'Republic of Chad', 'TD', 'TCD', 'Chad', '002', '017', 0, '235', 'TD.png'),
(152, 'Santiago', 'Chilean', '152', 'Chilean peso', 'CLP', 'centavo', 'CLP', 'Republic of Chile', 'CL', 'CHL', 'Chile', '019', '005', 0, '56', 'CL.png'),
(156, 'Beijing', 'Chinese', '156', 'renminbi-yuan (inv.)', 'CNY', 'jiao (10)', '¥', 'People’s Republic of China', 'CN', 'CHN', 'China', '142', '030', 0, '86', 'CN.png'),
(158, 'Taipei', 'Taiwanese', '158', 'new Taiwan dollar', 'TWD', 'fen (inv.)', 'NT$', 'Republic of China, Taiwan (TW1)', 'TW', 'TWN', 'Taiwan, Province of China', '142', '030', 0, '886', 'TW.png'),
(162, 'Flying Fish Cove', 'Christmas Islander', '162', 'Australian dollar', 'AUD', 'cent', '$', 'Christmas Island Territory', 'CX', 'CXR', 'Christmas Island', '', '', 0, '61', 'CX.png'),
(166, 'Bantam', 'Cocos Islander', '166', 'Australian dollar', 'AUD', 'cent', '$', 'Territory of Cocos (Keeling) Islands', 'CC', 'CCK', 'Cocos (Keeling) Islands', '', '', 0, '61', 'CC.png'),
(170, 'Santa Fe de Bogotá', 'Colombian', '170', 'Colombian peso', 'COP', 'centavo', '$', 'Republic of Colombia', 'CO', 'COL', 'Colombia', '019', '005', 0, '57', 'CO.png'),
(174, 'Moroni', 'Comorian', '174', 'Comorian franc', 'KMF', '', 'KMF', 'Union of the Comoros', 'KM', 'COM', 'Comoros', '002', '014', 0, '269', 'KM.png'),
(175, 'Mamoudzou', 'Mahorais', '175', 'euro', 'EUR', 'cent', '€', 'Departmental Collectivity of Mayotte', 'YT', 'MYT', 'Mayotte', '002', '014', 0, '262', 'YT.png'),
(178, 'Brazzaville', 'Congolese', '178', 'CFA franc (BEAC)', 'XAF', 'centime', 'FCF', 'Republic of the Congo', 'CG', 'COG', 'Congo', '002', '017', 0, '242', 'CG.png'),
(180, 'Kinshasa', 'Congolese', '180', 'Congolese franc', 'CDF', 'centime', 'CDF', 'Democratic Republic of the Congo', 'CD', 'COD', 'Congo, the Democratic Republic of the', '002', '017', 0, '243', 'CD.png'),
(184, 'Avarua', 'Cook Islander', '184', 'New Zealand dollar', 'NZD', 'cent', '$', 'Cook Islands', 'CK', 'COK', 'Cook Islands', '009', '061', 0, '682', 'CK.png'),
(188, 'San José', 'Costa Rican', '188', 'Costa Rican colón (pl. colones)', 'CRC', 'céntimo', '₡', 'Republic of Costa Rica', 'CR', 'CRI', 'Costa Rica', '019', '013', 0, '506', 'CR.png'),
(191, 'Zagreb', 'Croatian', '191', 'kuna (inv.)', 'HRK', 'lipa (inv.)', 'kn', 'Republic of Croatia', 'HR', 'HRV', 'Croatia', '150', '039', 1, '385', 'HR.png'),
(192, 'Havana', 'Cuban', '192', 'Cuban peso', 'CUP', 'centavo', '₱', 'Republic of Cuba', 'CU', 'CUB', 'Cuba', '019', '029', 0, '53', 'CU.png'),
(196, 'Nicosia', 'Cypriot', '196', 'euro', 'EUR', 'cent', 'CYP', 'Republic of Cyprus', 'CY', 'CYP', 'Cyprus', '142', '145', 1, '357', 'CY.png'),
(203, 'Prague', 'Czech', '203', 'Czech koruna (pl. koruny)', 'CZK', 'halér', 'Kč', 'Czech Republic', 'CZ', 'CZE', 'Czech Republic', '150', '151', 1, '420', 'CZ.png'),
(204, 'Porto Novo (BJ1)', 'Beninese', '204', 'CFA franc (BCEAO)', 'XOF', 'centime', 'XOF', 'Republic of Benin', 'BJ', 'BEN', 'Benin', '002', '011', 0, '229', 'BJ.png'),
(208, 'Copenhagen', 'Danish', '208', 'Danish krone', 'DKK', 'øre (inv.)', 'kr', 'Kingdom of Denmark', 'DK', 'DNK', 'Denmark', '150', '154', 1, '45', 'DK.png'),
(212, 'Roseau', 'Dominican', '212', 'East Caribbean dollar', 'XCD', 'cent', '$', 'Commonwealth of Dominica', 'DM', 'DMA', 'Dominica', '019', '029', 0, '1', 'DM.png'),
(214, 'Santo Domingo', 'Dominican', '214', 'Dominican peso', 'DOP', 'centavo', 'RD$', 'Dominican Republic', 'DO', 'DOM', 'Dominican Republic', '019', '029', 0, '1', 'DO.png'),
(218, 'Quito', 'Ecuadorian', '218', 'US dollar', 'USD', 'cent', '$', 'Republic of Ecuador', 'EC', 'ECU', 'Ecuador', '019', '005', 0, '593', 'EC.png'),
(222, 'San Salvador', 'Salvadoran', '222', 'Salvadorian colón (pl. colones)', 'SVC', 'centavo', '$', 'Republic of El Salvador', 'SV', 'SLV', 'El Salvador', '019', '013', 0, '503', 'SV.png'),
(226, 'Malabo', 'Equatorial Guinean', '226', 'CFA franc (BEAC)', 'XAF', 'centime', 'FCF', 'Republic of Equatorial Guinea', 'GQ', 'GNQ', 'Equatorial Guinea', '002', '017', 0, '240', 'GQ.png'),
(231, 'Addis Ababa', 'Ethiopian', '231', 'birr (inv.)', 'ETB', 'cent', 'ETB', 'Federal Democratic Republic of Ethiopia', 'ET', 'ETH', 'Ethiopia', '002', '014', 0, '251', 'ET.png'),
(232, 'Asmara', 'Eritrean', '232', 'nakfa', 'ERN', 'cent', 'Nfk', 'State of Eritrea', 'ER', 'ERI', 'Eritrea', '002', '014', 0, '291', 'ER.png'),
(233, 'Tallinn', 'Estonian', '233', 'euro', 'EUR', 'cent', 'kr', 'Republic of Estonia', 'EE', 'EST', 'Estonia', '150', '154', 1, '372', 'EE.png'),
(234, 'Tórshavn', 'Faeroese', '234', 'Danish krone', 'DKK', 'øre (inv.)', 'kr', 'Faeroe Islands', 'FO', 'FRO', 'Faroe Islands', '150', '154', 0, '298', 'FO.png'),
(238, 'Stanley', 'Falkland Islander', '238', 'Falkland Islands pound', 'FKP', 'new penny', '£', 'Falkland Islands', 'FK', 'FLK', 'Falkland Islands (Malvinas)', '019', '005', 0, '500', 'FK.png'),
(239, 'King Edward Point (Grytviken)', 'of South Georgia and the South Sandwich Islands', '239', '', '', '', '£', 'South Georgia and the South Sandwich Islands', 'GS', 'SGS', 'South Georgia and the South Sandwich Islands', '', '', 0, '44', 'GS.png'),
(242, 'Suva', 'Fijian', '242', 'Fiji dollar', 'FJD', 'cent', '$', 'Republic of Fiji', 'FJ', 'FJI', 'Fiji', '009', '054', 0, '679', 'FJ.png'),
(246, 'Helsinki', 'Finnish', '246', 'euro', 'EUR', 'cent', '€', 'Republic of Finland', 'FI', 'FIN', 'Finland', '150', '154', 1, '358', 'FI.png'),
(248, 'Mariehamn', 'Åland Islander', '248', 'euro', 'EUR', 'cent', NULL, 'Åland Islands', 'AX', 'ALA', 'Åland Islands', '150', '154', 0, '358', NULL),
(250, 'Paris', 'French', '250', 'euro', 'EUR', 'cent', '€', 'French Republic', 'FR', 'FRA', 'France', '150', '155', 1, '33', 'FR.png'),
(254, 'Cayenne', 'Guianese', '254', 'euro', 'EUR', 'cent', '€', 'French Guiana', 'GF', 'GUF', 'French Guiana', '019', '005', 0, '594', 'GF.png'),
(258, 'Papeete', 'Polynesian', '258', 'CFP franc', 'XPF', 'centime', 'XPF', 'French Polynesia', 'PF', 'PYF', 'French Polynesia', '009', '061', 0, '689', 'PF.png'),
(260, 'Port-aux-Francais', 'of French Southern and Antarctic Lands', '260', 'euro', 'EUR', 'cent', '€', 'French Southern and Antarctic Lands', 'TF', 'ATF', 'French Southern Territories', '', '', 0, '33', 'TF.png'),
(262, 'Djibouti', 'Djiboutian', '262', 'Djibouti franc', 'DJF', '', 'DJF', 'Republic of Djibouti', 'DJ', 'DJI', 'Djibouti', '002', '014', 0, '253', 'DJ.png'),
(266, 'Libreville', 'Gabonese', '266', 'CFA franc (BEAC)', 'XAF', 'centime', 'FCF', 'Gabonese Republic', 'GA', 'GAB', 'Gabon', '002', '017', 0, '241', 'GA.png'),
(268, 'Tbilisi', 'Georgian', '268', 'lari', 'GEL', 'tetri (inv.)', 'GEL', 'Georgia', 'GE', 'GEO', 'Georgia', '142', '145', 0, '995', 'GE.png'),
(270, 'Banjul', 'Gambian', '270', 'dalasi (inv.)', 'GMD', 'butut', 'D', 'Republic of the Gambia', 'GM', 'GMB', 'Gambia', '002', '011', 0, '220', 'GM.png'),
(275, NULL, 'Palestinian', '275', NULL, NULL, NULL, '₪', NULL, 'PS', 'PSE', 'Palestinian Territory, Occupied', '142', '145', 0, '970', 'PS.png'),
(276, 'Berlin', 'German', '276', 'euro', 'EUR', 'cent', '€', 'Federal Republic of Germany', 'DE', 'DEU', 'Germany', '150', '155', 1, '49', 'DE.png'),
(288, 'Accra', 'Ghanaian', '288', 'Ghana cedi', 'GHS', 'pesewa', '¢', 'Republic of Ghana', 'GH', 'GHA', 'Ghana', '002', '011', 0, '233', 'GH.png'),
(292, 'Gibraltar', 'Gibraltarian', '292', 'Gibraltar pound', 'GIP', 'penny', '£', 'Gibraltar', 'GI', 'GIB', 'Gibraltar', '150', '039', 0, '350', 'GI.png'),
(296, 'Tarawa', 'Kiribatian', '296', 'Australian dollar', 'AUD', 'cent', '$', 'Republic of Kiribati', 'KI', 'KIR', 'Kiribati', '009', '057', 0, '686', 'KI.png'),
(300, 'Athens', 'Greek', '300', 'euro', 'EUR', 'cent', '€', 'Hellenic Republic', 'GR', 'GRC', 'Greece', '150', '039', 1, '30', 'GR.png'),
(304, 'Nuuk', 'Greenlander', '304', 'Danish krone', 'DKK', 'øre (inv.)', 'kr', 'Greenland', 'GL', 'GRL', 'Greenland', '019', '021', 0, '299', 'GL.png'),
(308, 'St George’s', 'Grenadian', '308', 'East Caribbean dollar', 'XCD', 'cent', '$', 'Grenada', 'GD', 'GRD', 'Grenada', '019', '029', 0, '1', 'GD.png'),
(312, 'Basse Terre', 'Guadeloupean', '312', 'euro', 'EUR ', 'cent', '€', 'Guadeloupe', 'GP', 'GLP', 'Guadeloupe', '019', '029', 0, '590', 'GP.png'),
(316, 'Agaña (Hagåtña)', 'Guamanian', '316', 'US dollar', 'USD', 'cent', '$', 'Territory of Guam', 'GU', 'GUM', 'Guam', '009', '057', 0, '1', 'GU.png'),
(320, 'Guatemala City', 'Guatemalan', '320', 'quetzal (pl. quetzales)', 'GTQ', 'centavo', 'Q', 'Republic of Guatemala', 'GT', 'GTM', 'Guatemala', '019', '013', 0, '502', 'GT.png'),
(324, 'Conakry', 'Guinean', '324', 'Guinean franc', 'GNF', '', 'GNF', 'Republic of Guinea', 'GN', 'GIN', 'Guinea', '002', '011', 0, '224', 'GN.png'),
(328, 'Georgetown', 'Guyanese', '328', 'Guyana dollar', 'GYD', 'cent', '$', 'Cooperative Republic of Guyana', 'GY', 'GUY', 'Guyana', '019', '005', 0, '592', 'GY.png'),
(332, 'Port-au-Prince', 'Haitian', '332', 'gourde', 'HTG', 'centime', 'G', 'Republic of Haiti', 'HT', 'HTI', 'Haiti', '019', '029', 0, '509', 'HT.png'),
(334, 'Territory of Heard Island and McDonald Islands', 'of Territory of Heard Island and McDonald Islands', '334', '', '', '', '$', 'Territory of Heard Island and McDonald Islands', 'HM', 'HMD', 'Heard Island and McDonald Islands', '', '', 0, '61', 'HM.png'),
(336, 'Vatican City', 'of the Holy See/of the Vatican', '336', 'euro', 'EUR', 'cent', '€', 'the Holy See/ Vatican City State', 'VA', 'VAT', 'Holy See (Vatican City State)', '150', '039', 0, '39', 'VA.png'),
(340, 'Tegucigalpa', 'Honduran', '340', 'lempira', 'HNL', 'centavo', 'L', 'Republic of Honduras', 'HN', 'HND', 'Honduras', '019', '013', 0, '504', 'HN.png'),
(344, '(HK3)', 'Hong Kong Chinese', '344', 'Hong Kong dollar', 'HKD', 'cent', '$', 'Hong Kong Special Administrative Region of the People’s Republic of China (HK2)', 'HK', 'HKG', 'Hong Kong', '142', '030', 0, '852', 'HK.png'),
(348, 'Budapest', 'Hungarian', '348', 'forint (inv.)', 'HUF', '(fillér (inv.))', 'Ft', 'Republic of Hungary', 'HU', 'HUN', 'Hungary', '150', '151', 1, '36', 'HU.png'),
(352, 'Reykjavik', 'Icelander', '352', 'króna (pl. krónur)', 'ISK', '', 'kr', 'Republic of Iceland', 'IS', 'ISL', 'Iceland', '150', '154', 1, '354', 'IS.png'),
(356, 'New Delhi', 'Indian', '356', 'Indian rupee', 'INR', 'paisa', '₹', 'Republic of India', 'IN', 'IND', 'India', '142', '034', 0, '91', 'IN.png'),
(360, 'Jakarta', 'Indonesian', '360', 'Indonesian rupiah (inv.)', 'IDR', 'sen (inv.)', 'Rp', 'Republic of Indonesia', 'ID', 'IDN', 'Indonesia', '142', '035', 0, '62', 'ID.png'),
(364, 'Tehran', 'Iranian', '364', 'Iranian rial', 'IRR', '(dinar) (IR1)', '﷼', 'Islamic Republic of Iran', 'IR', 'IRN', 'Iran, Islamic Republic of', '142', '034', 0, '98', 'IR.png'),
(368, 'Baghdad', 'Iraqi', '368', 'Iraqi dinar', 'IQD', 'fils (inv.)', 'IQD', 'Republic of Iraq', 'IQ', 'IRQ', 'Iraq', '142', '145', 0, '964', 'IQ.png'),
(372, 'Dublin', 'Irish', '372', 'euro', 'EUR', 'cent', '€', 'Ireland (IE1)', 'IE', 'IRL', 'Ireland', '150', '154', 1, '353', 'IE.png'),
(376, '(IL1)', 'Israeli', '376', 'shekel', 'ILS', 'agora', '₪', 'State of Israel', 'IL', 'ISR', 'Israel', '142', '145', 0, '972', 'IL.png'),
(380, 'Rome', 'Italian', '380', 'euro', 'EUR', 'cent', '€', 'Italian Republic', 'IT', 'ITA', 'Italy', '150', '039', 1, '39', 'IT.png'),
(384, 'Yamoussoukro (CI1)', 'Ivorian', '384', 'CFA franc (BCEAO)', 'XOF', 'centime', 'XOF', 'Republic of Côte d’Ivoire', 'CI', 'CIV', 'Côte d''Ivoire', '002', '011', 0, '225', 'CI.png'),
(388, 'Kingston', 'Jamaican', '388', 'Jamaica dollar', 'JMD', 'cent', '$', 'Jamaica', 'JM', 'JAM', 'Jamaica', '019', '029', 0, '1', 'JM.png'),
(392, 'Tokyo', 'Japanese', '392', 'yen (inv.)', 'JPY', '(sen (inv.)) (JP1)', '¥', 'Japan', 'JP', 'JPN', 'Japan', '142', '030', 0, '81', 'JP.png'),
(398, 'Astana', 'Kazakh', '398', 'tenge (inv.)', 'KZT', 'tiyn', 'лв', 'Republic of Kazakhstan', 'KZ', 'KAZ', 'Kazakhstan', '142', '143', 0, '7', 'KZ.png'),
(400, 'Amman', 'Jordanian', '400', 'Jordanian dinar', 'JOD', '100 qirsh', 'JOD', 'Hashemite Kingdom of Jordan', 'JO', 'JOR', 'Jordan', '142', '145', 0, '962', 'JO.png'),
(404, 'Nairobi', 'Kenyan', '404', 'Kenyan shilling', 'KES', 'cent', 'KES', 'Republic of Kenya', 'KE', 'KEN', 'Kenya', '002', '014', 0, '254', 'KE.png'),
(408, 'Pyongyang', 'North Korean', '408', 'North Korean won (inv.)', 'KPW', 'chun (inv.)', '₩', 'Democratic People’s Republic of Korea', 'KP', 'PRK', 'Korea, Democratic People''s Republic of', '142', '030', 0, '850', 'KP.png'),
(410, 'Seoul', 'South Korean', '410', 'South Korean won (inv.)', 'KRW', '(chun (inv.))', '₩', 'Republic of Korea', 'KR', 'KOR', 'Korea, Republic of', '142', '030', 0, '82', 'KR.png'),
(414, 'Kuwait City', 'Kuwaiti', '414', 'Kuwaiti dinar', 'KWD', 'fils (inv.)', 'KWD', 'State of Kuwait', 'KW', 'KWT', 'Kuwait', '142', '145', 0, '965', 'KW.png'),
(417, 'Bishkek', 'Kyrgyz', '417', 'som', 'KGS', 'tyiyn', 'лв', 'Kyrgyz Republic', 'KG', 'KGZ', 'Kyrgyzstan', '142', '143', 0, '996', 'KG.png'),
(418, 'Vientiane', 'Lao', '418', 'kip (inv.)', 'LAK', '(at (inv.))', '₭', 'Lao People’s Democratic Republic', 'LA', 'LAO', 'Lao People''s Democratic Republic', '142', '035', 0, '856', 'LA.png'),
(422, 'Beirut', 'Lebanese', '422', 'Lebanese pound', 'LBP', '(piastre)', '£', 'Lebanese Republic', 'LB', 'LBN', 'Lebanon', '142', '145', 0, '961', 'LB.png'),
(426, 'Maseru', 'Basotho', '426', 'loti (pl. maloti)', 'LSL', 'sente', 'L', 'Kingdom of Lesotho', 'LS', 'LSO', 'Lesotho', '002', '018', 0, '266', 'LS.png'),
(428, 'Riga', 'Latvian', '428', 'euro', 'EUR', 'cent', 'Ls', 'Republic of Latvia', 'LV', 'LVA', 'Latvia', '150', '154', 1, '371', 'LV.png'),
(430, 'Monrovia', 'Liberian', '430', 'Liberian dollar', 'LRD', 'cent', '$', 'Republic of Liberia', 'LR', 'LBR', 'Liberia', '002', '011', 0, '231', 'LR.png'),
(434, 'Tripoli', 'Libyan', '434', 'Libyan dinar', 'LYD', 'dirham', 'LYD', 'Socialist People’s Libyan Arab Jamahiriya', 'LY', 'LBY', 'Libya', '002', '015', 0, '218', 'LY.png'),
(438, 'Vaduz', 'Liechtensteiner', '438', 'Swiss franc', 'CHF', 'centime', 'CHF', 'Principality of Liechtenstein', 'LI', 'LIE', 'Liechtenstein', '150', '155', 1, '423', 'LI.png'),
(440, 'Vilnius', 'Lithuanian', '440', 'euro', 'EUR', 'cent', 'Lt', 'Republic of Lithuania', 'LT', 'LTU', 'Lithuania', '150', '154', 1, '370', 'LT.png'),
(442, 'Luxembourg', 'Luxembourger', '442', 'euro', 'EUR', 'cent', '€', 'Grand Duchy of Luxembourg', 'LU', 'LUX', 'Luxembourg', '150', '155', 1, '352', 'LU.png'),
(446, 'Macao (MO3)', 'Macanese', '446', 'pataca', 'MOP', 'avo', 'MOP', 'Macao Special Administrative Region of the People’s Republic of China (MO2)', 'MO', 'MAC', 'Macao', '142', '030', 0, '853', 'MO.png'),
(450, 'Antananarivo', 'Malagasy', '450', 'ariary', 'MGA', 'iraimbilanja (inv.)', 'MGA', 'Republic of Madagascar', 'MG', 'MDG', 'Madagascar', '002', '014', 0, '261', 'MG.png'),
(454, 'Lilongwe', 'Malawian', '454', 'Malawian kwacha (inv.)', 'MWK', 'tambala (inv.)', 'MK', 'Republic of Malawi', 'MW', 'MWI', 'Malawi', '002', '014', 0, '265', 'MW.png'),
(458, 'Kuala Lumpur (MY1)', 'Malaysian', '458', 'ringgit (inv.)', 'MYR', 'sen (inv.)', 'RM', 'Malaysia', 'MY', 'MYS', 'Malaysia', '142', '035', 0, '60', 'MY.png'),
(462, 'Malé', 'Maldivian', '462', 'rufiyaa', 'MVR', 'laari (inv.)', 'Rf', 'Republic of Maldives', 'MV', 'MDV', 'Maldives', '142', '034', 0, '960', 'MV.png'),
(466, 'Bamako', 'Malian', '466', 'CFA franc (BCEAO)', 'XOF', 'centime', 'XOF', 'Republic of Mali', 'ML', 'MLI', 'Mali', '002', '011', 0, '223', 'ML.png'),
(470, 'Valletta', 'Maltese', '470', 'euro', 'EUR', 'cent', 'MTL', 'Republic of Malta', 'MT', 'MLT', 'Malta', '150', '039', 1, '356', 'MT.png'),
(474, 'Fort-de-France', 'Martinican', '474', 'euro', 'EUR', 'cent', '€', 'Martinique', 'MQ', 'MTQ', 'Martinique', '019', '029', 0, '596', 'MQ.png'),
(478, 'Nouakchott', 'Mauritanian', '478', 'ouguiya', 'MRO', 'khoum', 'UM', 'Islamic Republic of Mauritania', 'MR', 'MRT', 'Mauritania', '002', '011', 0, '222', 'MR.png'),
(480, 'Port Louis', 'Mauritian', '480', 'Mauritian rupee', 'MUR', 'cent', '₨', 'Republic of Mauritius', 'MU', 'MUS', 'Mauritius', '002', '014', 0, '230', 'MU.png'),
(484, 'Mexico City', 'Mexican', '484', 'Mexican peso', 'MXN', 'centavo', '$', 'United Mexican States', 'MX', 'MEX', 'Mexico', '019', '013', 0, '52', 'MX.png'),
(492, 'Monaco', 'Monegasque', '492', 'euro', 'EUR', 'cent', '€', 'Principality of Monaco', 'MC', 'MCO', 'Monaco', '150', '155', 0, '377', 'MC.png'),
(496, 'Ulan Bator', 'Mongolian', '496', 'tugrik', 'MNT', 'möngö (inv.)', '₮', 'Mongolia', 'MN', 'MNG', 'Mongolia', '142', '030', 0, '976', 'MN.png'),
(498, 'Chisinau', 'Moldovan', '498', 'Moldovan leu (pl. lei)', 'MDL', 'ban', 'MDL', 'Republic of Moldova', 'MD', 'MDA', 'Moldova, Republic of', '150', '151', 0, '373', 'MD.png'),
(499, 'Podgorica', 'Montenegrin', '499', 'euro', 'EUR', 'cent', NULL, 'Montenegro', 'ME', 'MNE', 'Montenegro', '150', '039', 0, '382', NULL),
(500, 'Plymouth (MS2)', 'Montserratian', '500', 'East Caribbean dollar', 'XCD', 'cent', '$', 'Montserrat', 'MS', 'MSR', 'Montserrat', '019', '029', 0, '1', 'MS.png'),
(504, 'Rabat', 'Moroccan', '504', 'Moroccan dirham', 'MAD', 'centime', 'MAD', 'Kingdom of Morocco', 'MA', 'MAR', 'Morocco', '002', '015', 0, '212', 'MA.png'),
(508, 'Maputo', 'Mozambican', '508', 'metical', 'MZN', 'centavo', 'MT', 'Republic of Mozambique', 'MZ', 'MOZ', 'Mozambique', '002', '014', 0, '258', 'MZ.png'),
(512, 'Muscat', 'Omani', '512', 'Omani rial', 'OMR', 'baiza', '﷼', 'Sultanate of Oman', 'OM', 'OMN', 'Oman', '142', '145', 0, '968', 'OM.png'),
(516, 'Windhoek', 'Namibian', '516', 'Namibian dollar', 'NAD', 'cent', '$', 'Republic of Namibia', 'NA', 'NAM', 'Namibia', '002', '018', 0, '264', 'NA.png'),
(520, 'Yaren', 'Nauruan', '520', 'Australian dollar', 'AUD', 'cent', '$', 'Republic of Nauru', 'NR', 'NRU', 'Nauru', '009', '057', 0, '674', 'NR.png'),
(524, 'Kathmandu', 'Nepalese', '524', 'Nepalese rupee', 'NPR', 'paisa (inv.)', '₨', 'Nepal', 'NP', 'NPL', 'Nepal', '142', '034', 0, '977', 'NP.png'),
(528, 'Amsterdam (NL2)', 'Dutch', '528', 'euro', 'EUR', 'cent', '€', 'Kingdom of the Netherlands', 'NL', 'NLD', 'Netherlands', '150', '155', 1, '31', 'NL.png'),
(531, 'Willemstad', 'Curaçaoan', '531', 'Netherlands Antillean guilder (CW1)', 'ANG', 'cent', NULL, 'Curaçao', 'CW', 'CUW', 'Curaçao', '019', '029', 0, '599', NULL),
(533, 'Oranjestad', 'Aruban', '533', 'Aruban guilder', 'AWG', 'cent', 'ƒ', 'Aruba', 'AW', 'ABW', 'Aruba', '019', '029', 0, '297', 'AW.png'),
(534, 'Philipsburg', 'Sint Maartener', '534', 'Netherlands Antillean guilder (SX1)', 'ANG', 'cent', NULL, 'Sint Maarten', 'SX', 'SXM', 'Sint Maarten (Dutch part)', '019', '029', 0, '721', NULL),
(535, NULL, 'of Bonaire, Sint Eustatius and Saba', '535', 'US dollar', 'USD', 'cent', NULL, NULL, 'BQ', 'BES', 'Bonaire, Sint Eustatius and Saba', '019', '029', 0, '599', NULL),
(540, 'Nouméa', 'New Caledonian', '540', 'CFP franc', 'XPF', 'centime', 'XPF', 'New Caledonia', 'NC', 'NCL', 'New Caledonia', '009', '054', 0, '687', 'NC.png'),
(548, 'Port Vila', 'Vanuatuan', '548', 'vatu (inv.)', 'VUV', '', 'Vt', 'Republic of Vanuatu', 'VU', 'VUT', 'Vanuatu', '009', '054', 0, '678', 'VU.png'),
(554, 'Wellington', 'New Zealander', '554', 'New Zealand dollar', 'NZD', 'cent', '$', 'New Zealand', 'NZ', 'NZL', 'New Zealand', '009', '053', 0, '64', 'NZ.png'),
(558, 'Managua', 'Nicaraguan', '558', 'córdoba oro', 'NIO', 'centavo', 'C$', 'Republic of Nicaragua', 'NI', 'NIC', 'Nicaragua', '019', '013', 0, '505', 'NI.png'),
(562, 'Niamey', 'Nigerien', '562', 'CFA franc (BCEAO)', 'XOF', 'centime', 'XOF', 'Republic of Niger', 'NE', 'NER', 'Niger', '002', '011', 0, '227', 'NE.png'),
(566, 'Abuja', 'Nigerian', '566', 'naira (inv.)', 'NGN', 'kobo (inv.)', '₦', 'Federal Republic of Nigeria', 'NG', 'NGA', 'Nigeria', '002', '011', 0, '234', 'NG.png'),
(570, 'Alofi', 'Niuean', '570', 'New Zealand dollar', 'NZD', 'cent', '$', 'Niue', 'NU', 'NIU', 'Niue', '009', '061', 0, '683', 'NU.png'),
(574, 'Kingston', 'Norfolk Islander', '574', 'Australian dollar', 'AUD', 'cent', '$', 'Territory of Norfolk Island', 'NF', 'NFK', 'Norfolk Island', '009', '053', 0, '672', 'NF.png'),
(578, 'Oslo', 'Norwegian', '578', 'Norwegian krone (pl. kroner)', 'NOK', 'øre (inv.)', 'kr', 'Kingdom of Norway', 'NO', 'NOR', 'Norway', '150', '154', 1, '47', 'NO.png'),
(580, 'Saipan', 'Northern Mariana Islander', '580', 'US dollar', 'USD', 'cent', '$', 'Commonwealth of the Northern Mariana Islands', 'MP', 'MNP', 'Northern Mariana Islands', '009', '057', 0, '1', 'MP.png'),
(581, 'United States Minor Outlying Islands', 'of United States Minor Outlying Islands', '581', 'US dollar', 'USD', 'cent', '$', 'United States Minor Outlying Islands', 'UM', 'UMI', 'United States Minor Outlying Islands', '', '', 0, '1', 'UM.png'),
(583, 'Palikir', 'Micronesian', '583', 'US dollar', 'USD', 'cent', '$', 'Federated States of Micronesia', 'FM', 'FSM', 'Micronesia, Federated States of', '009', '057', 0, '691', 'FM.png'),
(584, 'Majuro', 'Marshallese', '584', 'US dollar', 'USD', 'cent', '$', 'Republic of the Marshall Islands', 'MH', 'MHL', 'Marshall Islands', '009', '057', 0, '692', 'MH.png'),
(585, 'Melekeok', 'Palauan', '585', 'US dollar', 'USD', 'cent', '$', 'Republic of Palau', 'PW', 'PLW', 'Palau', '009', '057', 0, '680', 'PW.png'),
(586, 'Islamabad', 'Pakistani', '586', 'Pakistani rupee', 'PKR', 'paisa', '₨', 'Islamic Republic of Pakistan', 'PK', 'PAK', 'Pakistan', '142', '034', 0, '92', 'PK.png'),
(591, 'Panama City', 'Panamanian', '591', 'balboa', 'PAB', 'centésimo', 'B/.', 'Republic of Panama', 'PA', 'PAN', 'Panama', '019', '013', 0, '507', 'PA.png'),
(598, 'Port Moresby', 'Papua New Guinean', '598', 'kina (inv.)', 'PGK', 'toea (inv.)', 'PGK', 'Independent State of Papua New Guinea', 'PG', 'PNG', 'Papua New Guinea', '009', '054', 0, '675', 'PG.png'),
(600, 'Asunción', 'Paraguayan', '600', 'guaraní', 'PYG', 'céntimo', 'Gs', 'Republic of Paraguay', 'PY', 'PRY', 'Paraguay', '019', '005', 0, '595', 'PY.png'),
(604, 'Lima', 'Peruvian', '604', 'new sol', 'PEN', 'céntimo', 'S/.', 'Republic of Peru', 'PE', 'PER', 'Peru', '019', '005', 0, '51', 'PE.png'),
(608, 'Manila', 'Filipino', '608', 'Philippine peso', 'PHP', 'centavo', 'Php', 'Republic of the Philippines', 'PH', 'PHL', 'Philippines', '142', '035', 0, '63', 'PH.png'),
(612, 'Adamstown', 'Pitcairner', '612', 'New Zealand dollar', 'NZD', 'cent', '$', 'Pitcairn Islands', 'PN', 'PCN', 'Pitcairn', '009', '061', 0, '649', 'PN.png'),
(616, 'Warsaw', 'Polish', '616', 'zloty', 'PLN', 'grosz (pl. groszy)', 'zł', 'Republic of Poland', 'PL', 'POL', 'Poland', '150', '151', 1, '48', 'PL.png'),
(620, 'Lisbon', 'Portuguese', '620', 'euro', 'EUR', 'cent', '€', 'Portuguese Republic', 'PT', 'PRT', 'Portugal', '150', '039', 1, '351', 'PT.png'),
(624, 'Bissau', 'Guinea-Bissau national', '624', 'CFA franc (BCEAO)', 'XOF', 'centime', 'XOF', 'Republic of Guinea-Bissau', 'GW', 'GNB', 'Guinea-Bissau', '002', '011', 0, '245', 'GW.png'),
(626, 'Dili', 'East Timorese', '626', 'US dollar', 'USD', 'cent', '$', 'Democratic Republic of East Timor', 'TL', 'TLS', 'Timor-Leste', '142', '035', 0, '670', 'TL.png'),
(630, 'San Juan', 'Puerto Rican', '630', 'US dollar', 'USD', 'cent', '$', 'Commonwealth of Puerto Rico', 'PR', 'PRI', 'Puerto Rico', '019', '029', 0, '1', 'PR.png'),
(634, 'Doha', 'Qatari', '634', 'Qatari riyal', 'QAR', 'dirham', '﷼', 'State of Qatar', 'QA', 'QAT', 'Qatar', '142', '145', 0, '974', 'QA.png'),
(638, 'Saint-Denis', 'Reunionese', '638', 'euro', 'EUR', 'cent', '€', 'Réunion', 'RE', 'REU', 'Réunion', '002', '014', 0, '262', 'RE.png'),
(642, 'Bucharest', 'Romanian', '642', 'Romanian leu (pl. lei)', 'RON', 'ban (pl. bani)', 'lei', 'Romania', 'RO', 'ROU', 'Romania', '150', '151', 1, '40', 'RO.png'),
(643, 'Moscow', 'Russian', '643', 'Russian rouble', 'RUB', 'kopek', 'руб', 'Russian Federation', 'RU', 'RUS', 'Russian Federation', '150', '151', 0, '7', 'RU.png'),
(646, 'Kigali', 'Rwandan; Rwandese', '646', 'Rwandese franc', 'RWF', 'centime', 'RWF', 'Republic of Rwanda', 'RW', 'RWA', 'Rwanda', '002', '014', 0, '250', 'RW.png'),
(652, 'Gustavia', 'of Saint Barthélemy', '652', 'euro', 'EUR', 'cent', NULL, 'Collectivity of Saint Barthélemy', 'BL', 'BLM', 'Saint Barthélemy', '019', '029', 0, '590', NULL),
(654, 'Jamestown', 'Saint Helenian', '654', 'Saint Helena pound', 'SHP', 'penny', '£', 'Saint Helena, Ascension and Tristan da Cunha', 'SH', 'SHN', 'Saint Helena, Ascension and Tristan da Cunha', '002', '011', 0, '290', 'SH.png'),
(659, 'Basseterre', 'Kittsian; Nevisian', '659', 'East Caribbean dollar', 'XCD', 'cent', '$', 'Federation of Saint Kitts and Nevis', 'KN', 'KNA', 'Saint Kitts and Nevis', '019', '029', 0, '1', 'KN.png'),
(660, 'The Valley', 'Anguillan', '660', 'East Caribbean dollar', 'XCD', 'cent', '$', 'Anguilla', 'AI', 'AIA', 'Anguilla', '019', '029', 0, '1', 'AI.png'),
(662, 'Castries', 'Saint Lucian', '662', 'East Caribbean dollar', 'XCD', 'cent', '$', 'Saint Lucia', 'LC', 'LCA', 'Saint Lucia', '019', '029', 0, '1', 'LC.png'),
(663, 'Marigot', 'of Saint Martin', '663', 'euro', 'EUR', 'cent', NULL, 'Collectivity of Saint Martin', 'MF', 'MAF', 'Saint Martin (French part)', '019', '029', 0, '590', NULL),
(666, 'Saint-Pierre', 'St-Pierrais; Miquelonnais', '666', 'euro', 'EUR', 'cent', '€', 'Territorial Collectivity of Saint Pierre and Miquelon', 'PM', 'SPM', 'Saint Pierre and Miquelon', '019', '021', 0, '508', 'PM.png'),
(670, 'Kingstown', 'Vincentian', '670', 'East Caribbean dollar', 'XCD', 'cent', '$', 'Saint Vincent and the Grenadines', 'VC', 'VCT', 'Saint Vincent and the Grenadines', '019', '029', 0, '1', 'VC.png'),
(674, 'San Marino', 'San Marinese', '674', 'euro', 'EUR ', 'cent', '€', 'Republic of San Marino', 'SM', 'SMR', 'San Marino', '150', '039', 0, '378', 'SM.png'),
(678, 'São Tomé', 'São Toméan', '678', 'dobra', 'STD', 'centavo', 'Db', 'Democratic Republic of São Tomé and Príncipe', 'ST', 'STP', 'Sao Tome and Principe', '002', '017', 0, '239', 'ST.png'),
(682, 'Riyadh', 'Saudi Arabian', '682', 'riyal', 'SAR', 'halala', '﷼', 'Kingdom of Saudi Arabia', 'SA', 'SAU', 'Saudi Arabia', '142', '145', 0, '966', 'SA.png'),
(686, 'Dakar', 'Senegalese', '686', 'CFA franc (BCEAO)', 'XOF', 'centime', 'XOF', 'Republic of Senegal', 'SN', 'SEN', 'Senegal', '002', '011', 0, '221', 'SN.png'),
(688, 'Belgrade', 'Serb', '688', 'Serbian dinar', 'RSD', 'para (inv.)', NULL, 'Republic of Serbia', 'RS', 'SRB', 'Serbia', '150', '039', 0, '381', NULL),
(690, 'Victoria', 'Seychellois', '690', 'Seychelles rupee', 'SCR', 'cent', '₨', 'Republic of Seychelles', 'SC', 'SYC', 'Seychelles', '002', '014', 0, '248', 'SC.png'),
(694, 'Freetown', 'Sierra Leonean', '694', 'leone', 'SLL', 'cent', 'Le', 'Republic of Sierra Leone', 'SL', 'SLE', 'Sierra Leone', '002', '011', 0, '232', 'SL.png'),
(702, 'Singapore', 'Singaporean', '702', 'Singapore dollar', 'SGD', 'cent', '$', 'Republic of Singapore', 'SG', 'SGP', 'Singapore', '142', '035', 0, '65', 'SG.png'),
(703, 'Bratislava', 'Slovak', '703', 'euro', 'EUR', 'cent', 'Sk', 'Slovak Republic', 'SK', 'SVK', 'Slovakia', '150', '151', 1, '421', 'SK.png'),
(704, 'Hanoi', 'Vietnamese', '704', 'dong', 'VND', '(10 hào', '₫', 'Socialist Republic of Vietnam', 'VN', 'VNM', 'Viet Nam', '142', '035', 0, '84', 'VN.png'),
(705, 'Ljubljana', 'Slovene', '705', 'euro', 'EUR', 'cent', '€', 'Republic of Slovenia', 'SI', 'SVN', 'Slovenia', '150', '039', 1, '386', 'SI.png'),
(706, 'Mogadishu', 'Somali', '706', 'Somali shilling', 'SOS', 'cent', 'S', 'Somali Republic', 'SO', 'SOM', 'Somalia', '002', '014', 0, '252', 'SO.png'),
(710, 'Pretoria (ZA1)', 'South African', '710', 'rand', 'ZAR', 'cent', 'R', 'Republic of South Africa', 'ZA', 'ZAF', 'South Africa', '002', '018', 0, '27', 'ZA.png'),
(716, 'Harare', 'Zimbabwean', '716', 'Zimbabwe dollar (ZW1)', 'ZWL', 'cent', 'Z$', 'Republic of Zimbabwe', 'ZW', 'ZWE', 'Zimbabwe', '002', '014', 0, '263', 'ZW.png'),
(724, 'Madrid', 'Spaniard', '724', 'euro', 'EUR', 'cent', '€', 'Kingdom of Spain', 'ES', 'ESP', 'Spain', '150', '039', 1, '34', 'ES.png'),
(728, 'Juba', 'South Sudanese', '728', 'South Sudanese pound', 'SSP', 'piaster', NULL, 'Republic of South Sudan', 'SS', 'SSD', 'South Sudan', '002', '015', 0, '211', NULL),
(729, 'Khartoum', 'Sudanese', '729', 'Sudanese pound', 'SDG', 'piastre', NULL, 'Republic of the Sudan', 'SD', 'SDN', 'Sudan', '002', '015', 0, '249', NULL),
(732, 'Al aaiun', 'Sahrawi', '732', 'Moroccan dirham', 'MAD', 'centime', 'MAD', 'Western Sahara', 'EH', 'ESH', 'Western Sahara', '002', '015', 0, '212', 'EH.png'),
(740, 'Paramaribo', 'Surinamese', '740', 'Surinamese dollar', 'SRD', 'cent', '$', 'Republic of Suriname', 'SR', 'SUR', 'Suriname', '019', '005', 0, '597', 'SR.png'),
(744, 'Longyearbyen', 'of Svalbard', '744', 'Norwegian krone (pl. kroner)', 'NOK', 'øre (inv.)', 'kr', 'Svalbard and Jan Mayen', 'SJ', 'SJM', 'Svalbard and Jan Mayen', '150', '154', 0, '47', 'SJ.png'),
(748, 'Mbabane', 'Swazi', '748', 'lilangeni', 'SZL', 'cent', 'SZL', 'Kingdom of Swaziland', 'SZ', 'SWZ', 'Swaziland', '002', '018', 0, '268', 'SZ.png'),
(752, 'Stockholm', 'Swedish', '752', 'krona (pl. kronor)', 'SEK', 'öre (inv.)', 'kr', 'Kingdom of Sweden', 'SE', 'SWE', 'Sweden', '150', '154', 1, '46', 'SE.png'),
(756, 'Berne', 'Swiss', '756', 'Swiss franc', 'CHF', 'centime', 'CHF', 'Swiss Confederation', 'CH', 'CHE', 'Switzerland', '150', '155', 1, '41', 'CH.png'),
(760, 'Damascus', 'Syrian', '760', 'Syrian pound', 'SYP', 'piastre', '£', 'Syrian Arab Republic', 'SY', 'SYR', 'Syrian Arab Republic', '142', '145', 0, '963', 'SY.png'),
(762, 'Dushanbe', 'Tajik', '762', 'somoni', 'TJS', 'diram', 'TJS', 'Republic of Tajikistan', 'TJ', 'TJK', 'Tajikistan', '142', '143', 0, '992', 'TJ.png'),
(764, 'Bangkok', 'Thai', '764', 'baht (inv.)', 'THB', 'satang (inv.)', '฿', 'Kingdom of Thailand', 'TH', 'THA', 'Thailand', '142', '035', 0, '66', 'TH.png'),
(768, 'Lomé', 'Togolese', '768', 'CFA franc (BCEAO)', 'XOF', 'centime', 'XOF', 'Togolese Republic', 'TG', 'TGO', 'Togo', '002', '011', 0, '228', 'TG.png'),
(772, '(TK2)', 'Tokelauan', '772', 'New Zealand dollar', 'NZD', 'cent', '$', 'Tokelau', 'TK', 'TKL', 'Tokelau', '009', '061', 0, '690', 'TK.png'),
(776, 'Nuku’alofa', 'Tongan', '776', 'pa’anga (inv.)', 'TOP', 'seniti (inv.)', 'T$', 'Kingdom of Tonga', 'TO', 'TON', 'Tonga', '009', '061', 0, '676', 'TO.png'),
(780, 'Port of Spain', 'Trinidadian; Tobagonian', '780', 'Trinidad and Tobago dollar', 'TTD', 'cent', 'TT$', 'Republic of Trinidad and Tobago', 'TT', 'TTO', 'Trinidad and Tobago', '019', '029', 0, '1', 'TT.png'),
(784, 'Abu Dhabi', 'Emirian', '784', 'UAE dirham', 'AED', 'fils (inv.)', 'AED', 'United Arab Emirates', 'AE', 'ARE', 'United Arab Emirates', '142', '145', 0, '971', 'AE.png'),
(788, 'Tunis', 'Tunisian', '788', 'Tunisian dinar', 'TND', 'millime', 'TND', 'Republic of Tunisia', 'TN', 'TUN', 'Tunisia', '002', '015', 0, '216', 'TN.png'),
(792, 'Ankara', 'Turk', '792', 'Turkish lira (inv.)', 'TRY', 'kurus (inv.)', '₺', 'Republic of Turkey', 'TR', 'TUR', 'Turkey', '142', '145', 0, '90', 'TR.png'),
(795, 'Ashgabat', 'Turkmen', '795', 'Turkmen manat (inv.)', 'TMT', 'tenge (inv.)', 'm', 'Turkmenistan', 'TM', 'TKM', 'Turkmenistan', '142', '143', 0, '993', 'TM.png'),
(796, 'Cockburn Town', 'Turks and Caicos Islander', '796', 'US dollar', 'USD', 'cent', '$', 'Turks and Caicos Islands', 'TC', 'TCA', 'Turks and Caicos Islands', '019', '029', 0, '1', 'TC.png'),
(798, 'Funafuti', 'Tuvaluan', '798', 'Australian dollar', 'AUD', 'cent', '$', 'Tuvalu', 'TV', 'TUV', 'Tuvalu', '009', '061', 0, '688', 'TV.png'),
(800, 'Kampala', 'Ugandan', '800', 'Uganda shilling', 'UGX', 'cent', 'UGX', 'Republic of Uganda', 'UG', 'UGA', 'Uganda', '002', '014', 0, '256', 'UG.png'),
(804, 'Kiev', 'Ukrainian', '804', 'hryvnia', 'UAH', 'kopiyka', '₴', 'Ukraine', 'UA', 'UKR', 'Ukraine', '150', '151', 0, '380', 'UA.png'),
(807, 'Skopje', 'of the former Yugoslav Republic of Macedonia', '807', 'denar (pl. denars)', 'MKD', 'deni (inv.)', 'ден', 'the former Yugoslav Republic of Macedonia', 'MK', 'MKD', 'Macedonia, the former Yugoslav Republic of', '150', '039', 0, '389', 'MK.png'),
(818, 'Cairo', 'Egyptian', '818', 'Egyptian pound', 'EGP', 'piastre', '£', 'Arab Republic of Egypt', 'EG', 'EGY', 'Egypt', '002', '015', 0, '20', 'EG.png'),
(826, 'London', 'British', '826', 'pound sterling', 'GBP', 'penny (pl. pence)', '£', 'United Kingdom of Great Britain and Northern Ireland', 'GB', 'GBR', 'United Kingdom', '150', '154', 1, '44', 'GB.png'),
(831, 'St Peter Port', 'of Guernsey', '831', 'Guernsey pound (GG2)', 'GGP (GG2)', 'penny (pl. pence)', NULL, 'Bailiwick of Guernsey', 'GG', 'GGY', 'Guernsey', '150', '154', 0, '44', NULL),
(832, 'St Helier', 'of Jersey', '832', 'Jersey pound (JE2)', 'JEP (JE2)', 'penny (pl. pence)', NULL, 'Bailiwick of Jersey', 'JE', 'JEY', 'Jersey', '150', '154', 0, '44', NULL),
(833, 'Douglas', 'Manxman; Manxwoman', '833', 'Manx pound (IM2)', 'IMP (IM2)', 'penny (pl. pence)', NULL, 'Isle of Man', 'IM', 'IMN', 'Isle of Man', '150', '154', 0, '44', NULL),
(834, 'Dodoma (TZ1)', 'Tanzanian', '834', 'Tanzanian shilling', 'TZS', 'cent', 'TZS', 'United Republic of Tanzania', 'TZ', 'TZA', 'Tanzania, United Republic of', '002', '014', 0, '255', 'TZ.png'),
(840, 'Washington DC', 'American', '840', 'US dollar', 'USD', 'cent', '$', 'United States of America', 'US', 'USA', 'United States', '019', '021', 0, '1', 'US.png'),
(850, 'Charlotte Amalie', 'US Virgin Islander', '850', 'US dollar', 'USD', 'cent', '$', 'United States Virgin Islands', 'VI', 'VIR', 'Virgin Islands, U.S.', '019', '029', 0, '1', 'VI.png'),
(854, 'Ouagadougou', 'Burkinabe', '854', 'CFA franc (BCEAO)', 'XOF', 'centime', 'XOF', 'Burkina Faso', 'BF', 'BFA', 'Burkina Faso', '002', '011', 0, '226', 'BF.png'),
(858, 'Montevideo', 'Uruguayan', '858', 'Uruguayan peso', 'UYU', 'centésimo', '$U', 'Eastern Republic of Uruguay', 'UY', 'URY', 'Uruguay', '019', '005', 0, '598', 'UY.png'),
(860, 'Tashkent', 'Uzbek', '860', 'sum (inv.)', 'UZS', 'tiyin (inv.)', 'лв', 'Republic of Uzbekistan', 'UZ', 'UZB', 'Uzbekistan', '142', '143', 0, '998', 'UZ.png'),
(862, 'Caracas', 'Venezuelan', '862', 'bolívar fuerte (pl. bolívares fuertes)', 'VEF', 'céntimo', 'Bs', 'Bolivarian Republic of Venezuela', 'VE', 'VEN', 'Venezuela, Bolivarian Republic of', '019', '005', 0, '58', 'VE.png'),
(876, 'Mata-Utu', 'Wallisian; Futunan; Wallis and Futuna Islander', '876', 'CFP franc', 'XPF', 'centime', 'XPF', 'Wallis and Futuna', 'WF', 'WLF', 'Wallis and Futuna', '009', '061', 0, '681', 'WF.png'),
(882, 'Apia', 'Samoan', '882', 'tala (inv.)', 'WST', 'sene (inv.)', 'WS$', 'Independent State of Samoa', 'WS', 'WSM', 'Samoa', '009', '061', 0, '685', 'WS.png'),
(887, 'San’a', 'Yemenite', '887', 'Yemeni rial', 'YER', 'fils (inv.)', '﷼', 'Republic of Yemen', 'YE', 'YEM', 'Yemen', '142', '145', 0, '967', 'YE.png'),
(894, 'Lusaka', 'Zambian', '894', 'Zambian kwacha (inv.)', 'ZMW', 'ngwee (inv.)', 'ZK', 'Republic of Zambia', 'ZM', 'ZMB', 'Zambia', '002', '014', 0, '260', 'ZM.png');

-- --------------------------------------------------------

--
-- Table structure for table `favorites`
--

CREATE TABLE `favorites` (
  `id` int(10) UNSIGNED NOT NULL,
  `product_id` int(10) UNSIGNED NOT NULL,
  `user_id` int(10) UNSIGNED NOT NULL,
  `created_at` timestamp NULL DEFAULT NULL,
  `updated_at` timestamp NULL DEFAULT NULL
) ENGINE=InnoDB DEFAULT CHARSET=utf8 COLLATE=utf8_unicode_ci;

--
-- Dumping data for table `favorites`
--

INSERT INTO `favorites` (`id`, `product_id`, `user_id`, `created_at`, `updated_at`) VALUES
(1, 2, 2, NULL, NULL);

-- --------------------------------------------------------

--
-- Table structure for table `items_order`
--

CREATE TABLE `items_order` (
  `id` int(10) UNSIGNED NOT NULL,
  `qty` int(11) NOT NULL,
  `amount` decimal(16,2) NOT NULL,
  `discount` decimal(16,2) NOT NULL,
  `total` decimal(16,2) NOT NULL,
  `order_status` enum('Pending','Processing','Shipped','Delivered','Return') COLLATE utf8_unicode_ci NOT NULL,
  `order_id` int(10) UNSIGNED NOT NULL,
  `product_id` int(10) UNSIGNED NOT NULL
) ENGINE=InnoDB DEFAULT CHARSET=utf8 COLLATE=utf8_unicode_ci;

-- --------------------------------------------------------

--
-- Table structure for table `migrations`
--

CREATE TABLE `migrations` (
  `migration` varchar(255) COLLATE utf8_unicode_ci NOT NULL,
  `batch` int(11) NOT NULL
) ENGINE=InnoDB DEFAULT CHARSET=utf8 COLLATE=utf8_unicode_ci;

--
-- Dumping data for table `migrations`
--

INSERT INTO `migrations` (`migration`, `batch`) VALUES
('2014_10_12_000000_create_users_table', 1),
('2014_10_12_100000_create_password_resets_table', 1),
('2016_08_09_131747_create_roles_table', 1),
('2016_08_10_111312_create_categories_table', 1),
('2016_08_10_111313_create_plans_table', 1),
('2016_08_11_072606_setup_countries_table', 1),
('2016_08_11_072607_charify_countries_table', 1),
('2016_08_11_072608_create_boutique_types_table', 1),
('2016_08_11_072608_create_product_types_table', 1),
('2016_08_11_072609_create_shops_table', 1),
('2016_08_11_072610_create_brands_table', 1),
('2016_08_11_110621_create_products_table', 1),
('2016_08_11_112528_create_sizes_table', 1),
('2016_08_11_113158_prodcut_size', 1),
('2016_08_16_113639_create_orders_table', 1),
('2016_08_16_115927_create_item_order', 1),
('2016_08_24_132258_create_favorites_table', 1),
('2016_08_31_073811_create_blogs_table', 1),
('2016_09_02_155642_create_colours_table', 1),
('2016_09_02_161311_create_product_images_table', 1),
('2016_09_03_164812_create_products_slug', 2);

-- --------------------------------------------------------

--
-- Table structure for table `orders`
--

CREATE TABLE `orders` (
  `id` int(10) UNSIGNED NOT NULL,
  `total` decimal(16,2) NOT NULL,
  `discount` decimal(16,2) NOT NULL,
  `items_count` int(11) NOT NULL,
  `customer_id` int(10) UNSIGNED NOT NULL,
  `created_at` timestamp NULL DEFAULT NULL,
  `updated_at` timestamp NULL DEFAULT NULL
) ENGINE=InnoDB DEFAULT CHARSET=utf8 COLLATE=utf8_unicode_ci;

-- --------------------------------------------------------

--
-- Table structure for table `password_resets`
--

CREATE TABLE `password_resets` (
  `email` varchar(255) COLLATE utf8_unicode_ci NOT NULL,
  `token` varchar(255) COLLATE utf8_unicode_ci NOT NULL,
  `created_at` timestamp NULL DEFAULT NULL
) ENGINE=InnoDB DEFAULT CHARSET=utf8 COLLATE=utf8_unicode_ci;

-- --------------------------------------------------------

--
-- Table structure for table `plans`
--

CREATE TABLE `plans` (
  `id` int(10) UNSIGNED NOT NULL,
  `name` varchar(255) COLLATE utf8_unicode_ci NOT NULL,
  `price` decimal(16,2) NOT NULL,
  `look_books` int(11) NOT NULL,
  `support` varchar(255) COLLATE utf8_unicode_ci NOT NULL,
  `commission` int(11) NOT NULL,
  `created_at` timestamp NULL DEFAULT NULL,
  `updated_at` timestamp NULL DEFAULT NULL
) ENGINE=InnoDB DEFAULT CHARSET=utf8 COLLATE=utf8_unicode_ci;

--
-- Dumping data for table `plans`
--

INSERT INTO `plans` (`id`, `name`, `price`, `look_books`, `support`, `commission`, `created_at`, `updated_at`) VALUES
(1, 'Free', '0.00', 1, '9am - 6pm customer support', 20, NULL, NULL),
(2, 'Monthly 10', '10.00', 3, '24 x 7 customer support', 15, NULL, NULL),
(3, 'Monthly 30', '30.00', 0, '24 x 7 customer support', 0, NULL, NULL);

-- --------------------------------------------------------

--
-- Table structure for table `products`
--

CREATE TABLE `products` (
  `id` int(10) UNSIGNED NOT NULL,
  `shop_id` int(10) UNSIGNED NOT NULL,
  `category_id` int(10) UNSIGNED NOT NULL,
  `title` varchar(255) COLLATE utf8_unicode_ci NOT NULL,
  `description` text COLLATE utf8_unicode_ci,
  `price` decimal(16,2) NOT NULL,
  `price_discounts` decimal(16,2) DEFAULT NULL,
  `is_sale` tinyint(1) DEFAULT NULL,
  `shipping_local_price` decimal(16,2) NOT NULL DEFAULT '0.00',
  `shipping_local_duration` int(11) DEFAULT NULL,
  `shipping_int_disabled` tinyint(1) NOT NULL DEFAULT '0',
  `shipping_int_duration` int(11) DEFAULT NULL,
  `shipping_int_price` int(11) DEFAULT NULL,
  `logistic_provider` varchar(255) COLLATE utf8_unicode_ci DEFAULT NULL,
  `product_type_id` int(10) UNSIGNED NOT NULL,
  `brand_id` int(10) UNSIGNED NOT NULL,
  `is_active` tinyint(1) NOT NULL DEFAULT '0',
  `created_at` timestamp NULL DEFAULT NULL,
  `updated_at` timestamp NULL DEFAULT NULL,
  `slug` varchar(255) COLLATE utf8_unicode_ci DEFAULT NULL
) ENGINE=InnoDB DEFAULT CHARSET=utf8 COLLATE=utf8_unicode_ci;

--
-- Dumping data for table `products`
--

INSERT INTO `products` (`id`, `shop_id`, `category_id`, `title`, `description`, `price`, `price_discounts`, `is_sale`, `shipping_local_price`, `shipping_local_duration`, `shipping_int_disabled`, `shipping_int_duration`, `shipping_int_price`, `logistic_provider`, `product_type_id`, `brand_id`, `is_active`, `created_at`, `updated_at`, `slug`) VALUES
(1, 1, 1, 'Collier LLC sd', 'aas asdasasd a', '150.00', '0.00', 0, '0.00', 20, 0, 0, 0, 'aramex', 2, 1, 1, '2016-09-03 11:48:47', '2016-09-03 17:26:53', 'collier-llc-sd'),
(2, 2, 2, 'Testing product', 'testing product description goes here', '150.00', '0.00', 0, '12.00', 5, 0, 0, 0, 'aramex', 2, 2, 1, '2016-09-10 04:57:14', '2016-09-10 04:58:47', 'testing-product');

-- --------------------------------------------------------

--
-- Table structure for table `product_colour`
--

CREATE TABLE `product_colour` (
  `id` int(10) UNSIGNED NOT NULL,
  `product_id` int(10) UNSIGNED NOT NULL,
  `colour_id` int(10) UNSIGNED NOT NULL,
  `created_at` timestamp NULL DEFAULT NULL,
  `updated_at` timestamp NULL DEFAULT NULL
) ENGINE=InnoDB DEFAULT CHARSET=utf8 COLLATE=utf8_unicode_ci;

-- --------------------------------------------------------

--
-- Table structure for table `product_colour_images`
--

CREATE TABLE `product_colour_images` (
  `id` int(10) UNSIGNED NOT NULL,
  `product_image_id` int(10) UNSIGNED NOT NULL,
  `colour_id` int(10) UNSIGNED NOT NULL,
  `created_at` timestamp NULL DEFAULT NULL,
  `updated_at` timestamp NULL DEFAULT NULL
) ENGINE=InnoDB DEFAULT CHARSET=utf8 COLLATE=utf8_unicode_ci;

--
-- Dumping data for table `product_colour_images`
--

INSERT INTO `product_colour_images` (`id`, `product_image_id`, `colour_id`, `created_at`, `updated_at`) VALUES
(1, 2, 2, '2016-09-03 17:27:32', '2016-09-03 17:27:32'),
(2, 3, 2, '2016-09-03 17:59:53', '2016-09-03 17:59:53'),
(3, 1, 2, '2016-09-03 18:36:33', '2016-09-03 18:36:33'),
(4, 6, 6, '2016-09-10 04:58:44', '2016-09-10 04:58:44'),
(5, 7, 4, '2016-09-10 04:58:45', '2016-09-10 04:58:45');

-- --------------------------------------------------------

--
-- Table structure for table `product_images`
--

CREATE TABLE `product_images` (
  `id` int(10) UNSIGNED NOT NULL,
  `name` varchar(255) COLLATE utf8_unicode_ci NOT NULL,
  `product_id` int(10) UNSIGNED NOT NULL,
  `created_at` timestamp NULL DEFAULT NULL,
  `updated_at` timestamp NULL DEFAULT NULL
) ENGINE=InnoDB DEFAULT CHARSET=utf8 COLLATE=utf8_unicode_ci;

--
-- Dumping data for table `product_images`
--

INSERT INTO `product_images` (`id`, `name`, `product_id`, `created_at`, `updated_at`) VALUES
(1, 'uploads/products/1/f65b6a7f4c8e7784f775a2a611a810c6.jpeg', 1, '2016-09-03 11:49:50', '2016-09-03 11:49:50'),
(2, 'uploads/products/1/62d432ad9c9b363da6e819c032bad70f.jpeg', 1, '2016-09-03 11:49:50', '2016-09-03 11:49:50'),
(3, 'uploads/products/1/dc4771e74e0322d97fb43398ce48a2e9.jpeg', 1, '2016-09-03 11:49:50', '2016-09-03 11:49:50'),
(4, 'uploads/products/1/8c6a5ddf68b04206135147985cda3cc5.jpeg', 1, '2016-09-03 11:49:51', '2016-09-03 11:49:51'),
(5, 'uploads/products/1/189ba3c468ef742319d7337174c6b3a4.png', 1, '2016-09-03 17:27:00', '2016-09-03 17:27:00'),
(6, 'uploads/products/2/62d432ad9c9b363da6e819c032bad70f.jpeg', 2, '2016-09-10 04:57:30', '2016-09-10 04:57:30'),
(7, 'uploads/products/2/8c6a5ddf68b04206135147985cda3cc5.jpeg', 2, '2016-09-10 04:57:30', '2016-09-10 04:57:30');

-- --------------------------------------------------------

--
-- Table structure for table `product_size`
--

CREATE TABLE `product_size` (
  `id` int(11) NOT NULL,
  `size_id` int(10) UNSIGNED NOT NULL,
  `product_id` int(10) UNSIGNED NOT NULL,
  `created_at` timestamp NULL DEFAULT NULL,
  `updated_at` timestamp NULL DEFAULT NULL
) ENGINE=InnoDB DEFAULT CHARSET=utf8 COLLATE=utf8_unicode_ci;

--
-- Dumping data for table `product_size`
--

INSERT INTO `product_size` (`id`, `size_id`, `product_id`, `created_at`, `updated_at`) VALUES
(1, 2, 2, '2016-09-03 11:48:47', '2016-09-03 11:48:47'),
(2, 3, 2, '2016-09-03 11:48:47', '2016-09-03 11:48:47'),
(4, 1, 2, '2016-09-10 04:57:14', '2016-09-10 04:57:14'),
(5, 2, 2, '2016-09-10 04:57:14', '2016-09-10 04:57:14'),
(6, 3, 2, '2016-09-10 04:57:14', '2016-09-10 04:57:14'),
(7, 4, 2, '2016-09-10 04:57:14', '2016-09-10 04:57:14'),
(8, 5, 2, '2016-09-10 04:57:14', '2016-09-10 04:57:14'),
(9, 6, 2, '2016-09-10 04:57:14', '2016-09-10 04:57:14');

-- --------------------------------------------------------

--
-- Table structure for table `product_types`
--

CREATE TABLE `product_types` (
  `id` int(10) UNSIGNED NOT NULL,
  `name` varchar(255) COLLATE utf8_unicode_ci NOT NULL,
  `icon` varchar(255) COLLATE utf8_unicode_ci NOT NULL,
  `created_at` timestamp NULL DEFAULT NULL,
  `updated_at` timestamp NULL DEFAULT NULL
) ENGINE=InnoDB DEFAULT CHARSET=utf8 COLLATE=utf8_unicode_ci;

--
-- Dumping data for table `product_types`
--

INSERT INTO `product_types` (`id`, `name`, `icon`, `created_at`, `updated_at`) VALUES
(1, 'Men', 'men', NULL, NULL),
(2, 'Women', 'women', NULL, NULL),
(3, 'Kids', 'kids', NULL, NULL),
(4, 'All', 'RolesTableSeeder.php', NULL, NULL);

-- --------------------------------------------------------

--
-- Table structure for table `roles`
--

CREATE TABLE `roles` (
  `id` int(10) UNSIGNED NOT NULL,
  `name` varchar(255) COLLATE utf8_unicode_ci NOT NULL,
  `description` varchar(255) COLLATE utf8_unicode_ci NOT NULL,
  `created_at` timestamp NULL DEFAULT NULL,
  `updated_at` timestamp NULL DEFAULT NULL
) ENGINE=InnoDB DEFAULT CHARSET=utf8 COLLATE=utf8_unicode_ci;

--
-- Dumping data for table `roles`
--

INSERT INTO `roles` (`id`, `name`, `description`, `created_at`, `updated_at`) VALUES
(1, 'admin', 'Can do everythings', NULL, NULL),
(2, 'seller', 'Can sell product online & buy', NULL, NULL),
(3, 'buyer', 'Can buy product online', NULL, NULL);

-- --------------------------------------------------------

--
-- Table structure for table `shops`
--

CREATE TABLE `shops` (
  `id` int(10) UNSIGNED NOT NULL,
  `owner_id` int(10) UNSIGNED NOT NULL,
  `shop_name` varchar(255) COLLATE utf8_unicode_ci NOT NULL,
  `shop_slug` varchar(255) COLLATE utf8_unicode_ci NOT NULL,
  `description` text COLLATE utf8_unicode_ci NOT NULL,
  `number_prefix` varchar(255) COLLATE utf8_unicode_ci NOT NULL,
  `contact_number` varchar(255) COLLATE utf8_unicode_ci NOT NULL,
  `email_address` varchar(255) COLLATE utf8_unicode_ci NOT NULL,
  `cover_image` varchar(255) COLLATE utf8_unicode_ci DEFAULT NULL,
  `facebook_url` varchar(255) COLLATE utf8_unicode_ci DEFAULT NULL,
  `twitter_url` varchar(255) COLLATE utf8_unicode_ci DEFAULT NULL,
  `instagram_url` varchar(255) COLLATE utf8_unicode_ci DEFAULT NULL,
  `pinterest_url` varchar(255) COLLATE utf8_unicode_ci DEFAULT NULL,
  `status` tinyint(1) NOT NULL,
  `country_id` int(10) UNSIGNED NOT NULL,
  `boutique_type` int(10) UNSIGNED NOT NULL,
  `product_type` int(10) UNSIGNED NOT NULL,
  `plan_id` int(10) UNSIGNED NOT NULL,
  `created_at` timestamp NULL DEFAULT NULL,
  `updated_at` timestamp NULL DEFAULT NULL
) ENGINE=InnoDB DEFAULT CHARSET=utf8 COLLATE=utf8_unicode_ci;

--
-- Dumping data for table `shops`
--

INSERT INTO `shops` (`id`, `owner_id`, `shop_name`, `shop_slug`, `description`, `number_prefix`, `contact_number`, `email_address`, `cover_image`, `facebook_url`, `twitter_url`, `instagram_url`, `pinterest_url`, `status`, `country_id`, `boutique_type`, `product_type`, `plan_id`, `created_at`, `updated_at`) VALUES
(1, 1, 'testing shop', 'testing-shop', 'dasdas as asd asdas asdas  as asdasda', '1', '754125238', 'isurindu.prabashwara@gmail.com', 'uploads/1cdf66f13aae94ba9eab3e0513c40c80.png', '', '', '', '', 1, 44, 1, 1, 1, '2016-09-03 11:47:09', '2016-09-03 11:47:09'),
(2, 2, 'Awesome Shop', 'awesome-shop', 'we have awesome products buy from us', '244', '754125238', 'isurindu.prabashwara@gmail.com', 'uploads/a016ef797cbc022720a236732fa303cf.jpeg', '', '', '', '', 1, 48, 1, 2, 1, '2016-09-10 04:55:06', '2016-09-10 04:55:06');

-- --------------------------------------------------------

--
-- Table structure for table `sizes`
--

CREATE TABLE `sizes` (
  `id` int(10) UNSIGNED NOT NULL,
  `title` varchar(255) COLLATE utf8_unicode_ci NOT NULL,
  `status` tinyint(1) NOT NULL,
  `deleted_at` timestamp NULL DEFAULT NULL,
  `created_at` timestamp NULL DEFAULT NULL,
  `updated_at` timestamp NULL DEFAULT NULL
) ENGINE=InnoDB DEFAULT CHARSET=utf8 COLLATE=utf8_unicode_ci;

--
-- Dumping data for table `sizes`
--

INSERT INTO `sizes` (`id`, `title`, `status`, `deleted_at`, `created_at`, `updated_at`) VALUES
(1, 'XS', 1, NULL, NULL, NULL),
(2, 'S', 1, NULL, NULL, NULL),
(3, 'M', 1, NULL, NULL, NULL),
(4, 'L', 1, NULL, NULL, NULL),
(5, 'XL', 1, NULL, NULL, NULL),
(6, 'XXL', 1, NULL, NULL, NULL);

-- --------------------------------------------------------

--
-- Table structure for table `users`
--

CREATE TABLE `users` (
  `id` int(10) UNSIGNED NOT NULL,
  `name` varchar(255) COLLATE utf8_unicode_ci NOT NULL,
  `email` varchar(255) COLLATE utf8_unicode_ci NOT NULL,
  `password` varchar(255) COLLATE utf8_unicode_ci NOT NULL,
  `remember_token` varchar(100) COLLATE utf8_unicode_ci DEFAULT NULL,
  `created_at` timestamp NULL DEFAULT NULL,
  `updated_at` timestamp NULL DEFAULT NULL
) ENGINE=InnoDB DEFAULT CHARSET=utf8 COLLATE=utf8_unicode_ci;

--
-- Dumping data for table `users`
--

INSERT INTO `users` (`id`, `name`, `email`, `password`, `remember_token`, `created_at`, `updated_at`) VALUES
(1, 'Dr. Buck Cartwright', 'jazlyn.reynolds@example.com', '$2y$10$D0lpG9MNqzmz.34GOJWwreJfH80oriGSfR3BMak8GJg8YeXi5A8Oy', 'MdwsCePBpQ', '2016-09-03 08:45:04', '2016-09-03 08:45:04'),
(2, 'seller', 'seller@seller.com', '$2y$10$UlY2weqY/XU4O91yqqDfwuBebcsTbN8oLB7h10hNMPVEPjVbmpI.u', NULL, NULL, NULL),
(3, 'buyer', 'buyer@buyer.com', '$2y$10$7N/uW6OlE6JcbpcThnTZfuWYmPfdLSU6l6EfI7ubgzK12DhISzrDa', NULL, NULL, NULL);

-- --------------------------------------------------------

--
-- Table structure for table `user_roles`
--

CREATE TABLE `user_roles` (
  `id` int(10) UNSIGNED NOT NULL,
  `role_id` int(10) UNSIGNED NOT NULL,
  `user_id` int(10) UNSIGNED NOT NULL
) ENGINE=InnoDB DEFAULT CHARSET=utf8 COLLATE=utf8_unicode_ci;

--
-- Dumping data for table `user_roles`
--

INSERT INTO `user_roles` (`id`, `role_id`, `user_id`) VALUES
(3, 1, 1),
(4, 2, 2),
(5, 2, 1);

--
-- Indexes for dumped tables
--

--
-- Indexes for table `blogs`
--
ALTER TABLE `blogs`
  ADD PRIMARY KEY (`id`);

--
-- Indexes for table `boutique_types`
--
ALTER TABLE `boutique_types`
  ADD PRIMARY KEY (`id`);

--
-- Indexes for table `brands`
--
ALTER TABLE `brands`
  ADD PRIMARY KEY (`id`),
  ADD KEY `brands_user_id_foreign` (`user_id`);

--
-- Indexes for table `categories`
--
ALTER TABLE `categories`
  ADD PRIMARY KEY (`id`),
  ADD KEY `categories_user_id_index` (`user_id`);

--
-- Indexes for table `colours`
--
ALTER TABLE `colours`
  ADD PRIMARY KEY (`id`),
  ADD KEY `colours_user_id_index` (`user_id`);

--
-- Indexes for table `countries`
--
ALTER TABLE `countries`
  ADD PRIMARY KEY (`id`),
  ADD KEY `countries_id_index` (`id`);

--
-- Indexes for table `favorites`
--
ALTER TABLE `favorites`
  ADD PRIMARY KEY (`id`),
  ADD KEY `favorites_product_id_index` (`product_id`),
  ADD KEY `favorites_user_id_index` (`user_id`);

--
-- Indexes for table `items_order`
--
ALTER TABLE `items_order`
  ADD PRIMARY KEY (`id`),
  ADD KEY `items_order_order_id_index` (`order_id`),
  ADD KEY `items_order_product_id_index` (`product_id`);

--
-- Indexes for table `orders`
--
ALTER TABLE `orders`
  ADD PRIMARY KEY (`id`),
  ADD KEY `orders_customer_id_foreign` (`customer_id`);

--
-- Indexes for table `password_resets`
--
ALTER TABLE `password_resets`
  ADD KEY `password_resets_email_index` (`email`),
  ADD KEY `password_resets_token_index` (`token`);

--
-- Indexes for table `plans`
--
ALTER TABLE `plans`
  ADD PRIMARY KEY (`id`);

--
-- Indexes for table `products`
--
ALTER TABLE `products`
  ADD PRIMARY KEY (`id`),
  ADD KEY `products_brand_id_foreign` (`brand_id`),
  ADD KEY `products_product_type_id_foreign` (`product_type_id`),
  ADD KEY `products_shop_id_foreign` (`shop_id`),
  ADD KEY `products_category_id_foreign` (`category_id`);

--
-- Indexes for table `product_colour`
--
ALTER TABLE `product_colour`
  ADD PRIMARY KEY (`id`),
  ADD KEY `product_colour_product_id_index` (`product_id`),
  ADD KEY `product_colour_colour_id_index` (`colour_id`);

--
-- Indexes for table `product_colour_images`
--
ALTER TABLE `product_colour_images`
  ADD PRIMARY KEY (`id`),
  ADD KEY `product_colour_images_product_image_id_index` (`product_image_id`),
  ADD KEY `product_colour_images_colour_id_index` (`colour_id`);

--
-- Indexes for table `product_images`
--
ALTER TABLE `product_images`
  ADD PRIMARY KEY (`id`),
  ADD KEY `product_images_product_id_index` (`product_id`);

--
-- Indexes for table `product_size`
--
ALTER TABLE `product_size`
  ADD PRIMARY KEY (`id`),
  ADD KEY `product_size_size_id_index` (`size_id`),
  ADD KEY `product_size_product_id_index` (`product_id`);

--
-- Indexes for table `product_types`
--
ALTER TABLE `product_types`
  ADD PRIMARY KEY (`id`);

--
-- Indexes for table `roles`
--
ALTER TABLE `roles`
  ADD PRIMARY KEY (`id`);

--
-- Indexes for table `shops`
--
ALTER TABLE `shops`
  ADD PRIMARY KEY (`id`),
  ADD UNIQUE KEY `shops_shop_slug_unique` (`shop_slug`),
  ADD KEY `shops_owner_id_foreign` (`owner_id`),
  ADD KEY `shops_country_id_foreign` (`country_id`),
  ADD KEY `shops_boutique_type_foreign` (`boutique_type`),
  ADD KEY `shops_product_type_foreign` (`product_type`),
  ADD KEY `shops_plan_id_foreign` (`plan_id`);

--
-- Indexes for table `sizes`
--
ALTER TABLE `sizes`
  ADD PRIMARY KEY (`id`);

--
-- Indexes for table `users`
--
ALTER TABLE `users`
  ADD PRIMARY KEY (`id`),
  ADD UNIQUE KEY `users_email_unique` (`email`);

--
-- Indexes for table `user_roles`
--
ALTER TABLE `user_roles`
  ADD PRIMARY KEY (`id`),
  ADD KEY `user_roles_role_id_foreign` (`role_id`),
  ADD KEY `user_roles_user_id_foreign` (`user_id`);

--
-- AUTO_INCREMENT for dumped tables
--

--
-- AUTO_INCREMENT for table `blogs`
--
ALTER TABLE `blogs`
  MODIFY `id` int(10) UNSIGNED NOT NULL AUTO_INCREMENT, AUTO_INCREMENT=2;
--
-- AUTO_INCREMENT for table `boutique_types`
--
ALTER TABLE `boutique_types`
  MODIFY `id` int(10) UNSIGNED NOT NULL AUTO_INCREMENT, AUTO_INCREMENT=4;
--
-- AUTO_INCREMENT for table `brands`
--
ALTER TABLE `brands`
  MODIFY `id` int(10) UNSIGNED NOT NULL AUTO_INCREMENT, AUTO_INCREMENT=8;
--
-- AUTO_INCREMENT for table `categories`
--
ALTER TABLE `categories`
  MODIFY `id` int(10) UNSIGNED NOT NULL AUTO_INCREMENT, AUTO_INCREMENT=12;
--
-- AUTO_INCREMENT for table `colours`
--
ALTER TABLE `colours`
  MODIFY `id` int(10) UNSIGNED NOT NULL AUTO_INCREMENT, AUTO_INCREMENT=8;
--
-- AUTO_INCREMENT for table `favorites`
--
ALTER TABLE `favorites`
  MODIFY `id` int(10) UNSIGNED NOT NULL AUTO_INCREMENT, AUTO_INCREMENT=2;
--
-- AUTO_INCREMENT for table `items_order`
--
ALTER TABLE `items_order`
  MODIFY `id` int(10) UNSIGNED NOT NULL AUTO_INCREMENT;
--
-- AUTO_INCREMENT for table `orders`
--
ALTER TABLE `orders`
  MODIFY `id` int(10) UNSIGNED NOT NULL AUTO_INCREMENT;
--
-- AUTO_INCREMENT for table `plans`
--
ALTER TABLE `plans`
  MODIFY `id` int(10) UNSIGNED NOT NULL AUTO_INCREMENT, AUTO_INCREMENT=4;
--
-- AUTO_INCREMENT for table `products`
--
ALTER TABLE `products`
  MODIFY `id` int(10) UNSIGNED NOT NULL AUTO_INCREMENT, AUTO_INCREMENT=3;
--
-- AUTO_INCREMENT for table `product_colour`
--
ALTER TABLE `product_colour`
  MODIFY `id` int(10) UNSIGNED NOT NULL AUTO_INCREMENT;
--
-- AUTO_INCREMENT for table `product_colour_images`
--
ALTER TABLE `product_colour_images`
  MODIFY `id` int(10) UNSIGNED NOT NULL AUTO_INCREMENT, AUTO_INCREMENT=6;
--
-- AUTO_INCREMENT for table `product_images`
--
ALTER TABLE `product_images`
  MODIFY `id` int(10) UNSIGNED NOT NULL AUTO_INCREMENT, AUTO_INCREMENT=8;
--
-- AUTO_INCREMENT for table `product_size`
--
ALTER TABLE `product_size`
  MODIFY `id` int(11) NOT NULL AUTO_INCREMENT, AUTO_INCREMENT=10;
--
-- AUTO_INCREMENT for table `product_types`
--
ALTER TABLE `product_types`
  MODIFY `id` int(10) UNSIGNED NOT NULL AUTO_INCREMENT, AUTO_INCREMENT=5;
--
-- AUTO_INCREMENT for table `roles`
--
ALTER TABLE `roles`
  MODIFY `id` int(10) UNSIGNED NOT NULL AUTO_INCREMENT, AUTO_INCREMENT=4;
--
-- AUTO_INCREMENT for table `shops`
--
ALTER TABLE `shops`
  MODIFY `id` int(10) UNSIGNED NOT NULL AUTO_INCREMENT, AUTO_INCREMENT=3;
--
-- AUTO_INCREMENT for table `sizes`
--
ALTER TABLE `sizes`
  MODIFY `id` int(10) UNSIGNED NOT NULL AUTO_INCREMENT, AUTO_INCREMENT=8;
--
-- AUTO_INCREMENT for table `users`
--
ALTER TABLE `users`
  MODIFY `id` int(10) UNSIGNED NOT NULL AUTO_INCREMENT, AUTO_INCREMENT=4;
--
-- AUTO_INCREMENT for table `user_roles`
--
ALTER TABLE `user_roles`
  MODIFY `id` int(10) UNSIGNED NOT NULL AUTO_INCREMENT, AUTO_INCREMENT=6;
--
-- Constraints for dumped tables
--

--
-- Constraints for table `brands`
--
ALTER TABLE `brands`
  ADD CONSTRAINT `brands_user_id_foreign` FOREIGN KEY (`user_id`) REFERENCES `users` (`id`);

--
-- Constraints for table `categories`
--
ALTER TABLE `categories`
  ADD CONSTRAINT `categories_user_id_foreign` FOREIGN KEY (`user_id`) REFERENCES `users` (`id`) ON DELETE CASCADE;

--
-- Constraints for table `colours`
--
ALTER TABLE `colours`
  ADD CONSTRAINT `colours_user_id_foreign` FOREIGN KEY (`user_id`) REFERENCES `users` (`id`) ON DELETE CASCADE;

--
-- Constraints for table `favorites`
--
ALTER TABLE `favorites`
  ADD CONSTRAINT `favorites_product_id_foreign` FOREIGN KEY (`product_id`) REFERENCES `products` (`id`) ON DELETE CASCADE,
  ADD CONSTRAINT `favorites_user_id_foreign` FOREIGN KEY (`user_id`) REFERENCES `users` (`id`) ON DELETE CASCADE;

--
-- Constraints for table `items_order`
--
ALTER TABLE `items_order`
  ADD CONSTRAINT `items_order_order_id_foreign` FOREIGN KEY (`order_id`) REFERENCES `orders` (`id`) ON DELETE CASCADE,
  ADD CONSTRAINT `items_order_product_id_foreign` FOREIGN KEY (`product_id`) REFERENCES `products` (`id`) ON DELETE CASCADE;

--
-- Constraints for table `orders`
--
ALTER TABLE `orders`
  ADD CONSTRAINT `orders_customer_id_foreign` FOREIGN KEY (`customer_id`) REFERENCES `users` (`id`);

--
-- Constraints for table `products`
--
ALTER TABLE `products`
  ADD CONSTRAINT `products_brand_id_foreign` FOREIGN KEY (`brand_id`) REFERENCES `brands` (`id`),
  ADD CONSTRAINT `products_category_id_foreign` FOREIGN KEY (`category_id`) REFERENCES `categories` (`id`),
  ADD CONSTRAINT `products_product_type_id_foreign` FOREIGN KEY (`product_type_id`) REFERENCES `product_types` (`id`),
  ADD CONSTRAINT `products_shop_id_foreign` FOREIGN KEY (`shop_id`) REFERENCES `shops` (`id`);

--
-- Constraints for table `product_colour`
--
ALTER TABLE `product_colour`
  ADD CONSTRAINT `product_colour_colour_id_foreign` FOREIGN KEY (`colour_id`) REFERENCES `colours` (`id`) ON DELETE CASCADE,
  ADD CONSTRAINT `product_colour_product_id_foreign` FOREIGN KEY (`product_id`) REFERENCES `products` (`id`) ON DELETE CASCADE;

--
-- Constraints for table `product_colour_images`
--
ALTER TABLE `product_colour_images`
  ADD CONSTRAINT `product_colour_images_colour_id_foreign` FOREIGN KEY (`colour_id`) REFERENCES `colours` (`id`) ON DELETE CASCADE,
  ADD CONSTRAINT `product_colour_images_product_image_id_foreign` FOREIGN KEY (`product_image_id`) REFERENCES `product_images` (`id`) ON DELETE CASCADE;

--
-- Constraints for table `product_images`
--
ALTER TABLE `product_images`
  ADD CONSTRAINT `product_images_product_id_foreign` FOREIGN KEY (`product_id`) REFERENCES `products` (`id`) ON DELETE CASCADE;

--
-- Constraints for table `product_size`
--
ALTER TABLE `product_size`
  ADD CONSTRAINT `product_size_product_id_foreign` FOREIGN KEY (`product_id`) REFERENCES `products` (`id`) ON DELETE CASCADE,
  ADD CONSTRAINT `product_size_size_id_foreign` FOREIGN KEY (`size_id`) REFERENCES `sizes` (`id`) ON DELETE CASCADE;

--
-- Constraints for table `shops`
--
ALTER TABLE `shops`
  ADD CONSTRAINT `shops_boutique_type_foreign` FOREIGN KEY (`boutique_type`) REFERENCES `boutique_types` (`id`),
  ADD CONSTRAINT `shops_country_id_foreign` FOREIGN KEY (`country_id`) REFERENCES `countries` (`id`),
  ADD CONSTRAINT `shops_owner_id_foreign` FOREIGN KEY (`owner_id`) REFERENCES `users` (`id`),
  ADD CONSTRAINT `shops_plan_id_foreign` FOREIGN KEY (`plan_id`) REFERENCES `plans` (`id`),
  ADD CONSTRAINT `shops_product_type_foreign` FOREIGN KEY (`product_type`) REFERENCES `product_types` (`id`);

--
-- Constraints for table `user_roles`
--
ALTER TABLE `user_roles`
  ADD CONSTRAINT `user_roles_role_id_foreign` FOREIGN KEY (`role_id`) REFERENCES `roles` (`id`),
  ADD CONSTRAINT `user_roles_user_id_foreign` FOREIGN KEY (`user_id`) REFERENCES `users` (`id`);

/*!40101 SET CHARACTER_SET_CLIENT=@OLD_CHARACTER_SET_CLIENT */;
/*!40101 SET CHARACTER_SET_RESULTS=@OLD_CHARACTER_SET_RESULTS */;
/*!40101 SET COLLATION_CONNECTION=@OLD_COLLATION_CONNECTION */;
